what rivers flow through states that border the state with the largest population ?	_answer ( A , ( _river ( A ) , _traverse ( A , B ) , _state ( B ) , _next_to ( B , C ) , _largest ( D , ( _state ( C ) , _population ( C , D ) ) ) ) )
how long is rio grande ?	_answer ( A , ( _len ( B , A ) , _const ( B , _riverid ( ' rio grande ' ) ) ) )
how big is the city of new york ?	_answer ( A , ( _size ( B , A ) , _const ( B , _cityid ( ' new york ' , _ ) ) ) )
what is the most populous state ?	_answer ( A , _largest ( B , ( _population ( A , B ) , _state ( A ) ) ) )
what is the population of the state that borders the most states ?	_answer ( A , ( _population ( B , A ) , _most ( B , C , ( _state ( B ) , _next_to ( B , C ) , _state ( C ) ) ) ) )
how many states does tennessee border ?	_answer ( A , _count ( B , ( _state ( B ) , _const ( C , _stateid ( tennessee ) ) , _next_to ( C , B ) ) , A ) )
what river traverses the most states ?	_answer ( A , _most ( A , B , ( _river ( A ) , _traverse ( A , B ) , _state ( B ) ) ) )
what states border alaska ?	_answer ( A , ( _state ( A ) , _next_to ( A , B ) , _const ( B , _stateid ( alaska ) ) ) )
what is the capital of the smallest state ?	_answer ( A , ( _capital ( A ) , _loc ( A , B ) , _smallest ( B , _state ( B ) ) ) )
what rivers run through colorado ?	_answer ( A , ( _river ( A ) , _traverse ( A , B ) , _const ( B , _stateid ( colorado ) ) ) )
what states border the state that borders the most states ?	_answer ( A , ( _state ( A ) , _next_to ( A , B ) , _most ( B , C , ( _state ( B ) , _next_to ( B , C ) , _state ( C ) ) ) ) )
which state border kentucky ?	_answer ( A , ( _state ( A ) , _next_to ( A , B ) , _const ( B , _stateid ( kentucky ) ) ) )
what state is dallas in ?	_answer ( A , ( _state ( A ) , _const ( B , _cityid ( dallas , _ ) ) , _loc ( B , A ) ) )
what is the smallest city in the us ?	_answer ( A , _smallest ( A , ( _city ( A ) , _loc ( A , B ) , _const ( B , _countryid ( usa ) ) ) ) )
what river runs through the state with the most cities ?	_answer ( A , ( _river ( A ) , _traverse ( A , B ) , _most ( B , C , ( _state ( B ) , _loc ( C , B ) , _city ( C ) ) ) ) )
what is the average population per square km in pennsylvania ?	_answer ( A , ( _density ( B , A ) , _const ( B , _stateid ( pennsylvania ) ) ) )
what is the population of minnesota ?	_answer ( A , ( _population ( B , A ) , _const ( B , _stateid ( minnesota ) ) ) )
what are the population densities of each us state ?	_answer ( A , ( _density ( B , A ) , _state ( B ) ) )
tell me what cities are in texas ?	_answer ( A , ( _city ( A ) , _loc ( A , B ) , _const ( B , _stateid ( texas ) ) ) )
what is the capital of the state with the longest river ?	_answer ( A , ( _capital ( A ) , _loc ( A , B ) , _longest ( C , ( _state ( B ) , _loc ( C , B ) , _river ( C ) ) ) ) )
what states have no bordering state ?	_answer ( A , ( _state ( A ) , \+ ( _next_to ( A , B ) , _state ( B ) ) ) )
which is the highest peak not in alaska ?	_answer ( A , _highest ( A , ( _mountain ( A ) , \+ ( _loc ( A , B ) , _const ( B , _stateid ( alaska ) ) ) ) ) )
how many square kilometers in the us ?	_answer ( A , ( _area ( B , A ) , _const ( B , _countryid ( usa ) ) ) )
what are the states through which the longest river runs ?	_answer ( A , ( _state ( A ) , _longest ( B , ( _river ( B ) , _traverse ( B , A ) ) ) ) )
what is the population of the capital of the largest state ?	_answer ( A , ( _population ( B , A ) , _capital ( B ) , _loc ( B , C ) , _largest ( C , _state ( C ) ) ) )
what is the longest river that flows through colorado ?	_answer ( A , _longest ( A , ( _river ( A ) , _traverse ( A , B ) , _const ( B , _stateid ( colorado ) ) ) ) )
which state has the most major cities ?	_answer ( A , _most ( A , B , ( _state ( A ) , _loc ( B , A ) , _major ( B ) , _city ( B ) ) ) )
how many major rivers cross ohio ?	_answer ( A , _count ( B , ( _major ( B ) , _river ( B ) , _traverse ( B , C ) , _const ( C , _stateid ( ohio ) ) ) , A ) )
what is the population of the state with the highest population density ?	_answer ( A , ( _population ( B , A ) , _largest ( C , ( _state ( B ) , _density ( B , C ) ) ) ) )
what is the state with the lowest population ?	_answer ( A , _smallest ( B , ( _state ( A ) , _population ( A , B ) ) ) )
how many states does the mississippi river run through ?	_answer ( A , _count ( B , ( _state ( B ) , _const ( C , _riverid ( mississippi ) ) , _river ( C ) , _traverse ( C , B ) ) , A ) )
san antonio is in what state ?	_answer ( A , ( _const ( B , _cityid ( ' san antonio ' , _ ) ) , _loc ( B , A ) , _state ( A ) ) )
how many states does the mississippi run through ?	_answer ( A , _count ( B , ( _state ( B ) , _const ( C , _riverid ( mississippi ) ) , _traverse ( C , B ) ) , A ) )
what states have cities named salt lake city ?	_answer ( A , ( _state ( A ) , _loc ( B , A ) , _city ( B ) , _const ( B , _cityid ( ' salt _lake _city ' , _ ) ) ) )
what are the major cities in the smallest state in the us ?	_answer ( A , ( _major ( A ) , _city ( A ) , _loc ( A , B ) , _smallest ( B , ( _state ( B ) , _loc ( B , C ) , _const ( C , _countryid ( usa ) ) ) ) ) )
how many citizens in boulder ?	_answer ( A , ( _population ( B , A ) , _const ( B , _cityid ( boulder , _ ) ) ) )
where is fort wayne ?	_answer ( A , ( _loc ( B , A ) , _const ( B , _cityid ( ' fort wayne ' , _ ) ) ) )
what are the major cities in states through which the mississippi runs ?	_answer ( A , ( _major ( A ) , _city ( A ) , _state ( B ) , _traverse ( C , B ) , _const ( C , _riverid ( mississippi ) ) ) )
what river is the longest one in the united states ?	_answer ( A , _longest ( A , ( _river ( A ) , _loc ( A , B ) , _const ( B , _countryid ( usa ) ) ) ) )
what major cities are located in pennsylvania ?	_answer ( A , ( _major ( A ) , _city ( A ) , _loc ( A , B ) , _const ( B , _stateid ( pennsylvania ) ) ) )
what is the capital of north dakota ?	_answer ( A , ( _capital ( A ) , _loc ( A , B ) , _const ( B , _stateid ( ' north dakota ' ) ) ) )
what are the major cities in north carolina ?	_answer ( A , ( _major ( A ) , _city ( A ) , _loc ( A , B ) , _const ( B , _stateid ( ' north carolina ' ) ) ) )
what is the capital of vermont ?	_answer ( A , ( _capital ( A ) , _loc ( A , B ) , _const ( B , _stateid ( vermont ) ) ) )
what is the capital of the state with the largest population density ?	_answer ( A , ( _capital ( A ) , _loc ( A , B ) , _largest ( C , ( _state ( B ) , _density ( B , C ) ) ) ) )
how many major cities are in texas ?	_answer ( A , _count ( B , ( _major ( B ) , _city ( B ) , _loc ( B , C ) , _const ( C , _stateid ( texas ) ) ) , A ) )
what state borders most other states ?	_answer ( A , _most ( A , B , ( _state ( A ) , _next_to ( A , B ) , _state ( B ) ) ) )
what is the most populous city in wyoming ?	_answer ( A , _largest ( B , ( _population ( A , B ) , _city ( A ) , _loc ( A , C ) , _const ( C , _stateid ( wyoming ) ) ) ) )
what is the length of the colorado river ?	_answer ( A , ( _len ( B , A ) , _const ( B , _riverid ( colorado ) ) , _river ( B ) ) )
rivers in new york ?	_answer ( A , ( _river ( A ) , _loc ( A , B ) , _const ( B , _stateid ( ' new york ' ) ) ) )
what is the highest point in maine ?	_answer ( A , _highest ( A , ( _place ( A ) , _loc ( A , B ) , _const ( B , _stateid ( maine ) ) ) ) )
how long is the longest river in california ?	_answer ( A , ( _len ( B , A ) , _longest ( B , ( _river ( B ) , _loc ( B , C ) , _const ( C , _stateid ( california ) ) ) ) ) )
which state is the smallest ?	_answer ( A , _smallest ( A , _state ( A ) ) )
what is the capital of indiana ?	_answer ( A , ( _capital ( A ) , _loc ( A , B ) , _const ( B , _stateid ( indiana ) ) ) )
how many people live in south dakota ?	_answer ( A , ( _population ( B , A ) , _const ( B , _stateid ( ' south dakota ' ) ) ) )
what is the shortest river in the usa ?	_answer ( A , _shortest ( A , ( _river ( A ) , _loc ( A , B ) , _const ( B , _countryid ( usa ) ) ) ) )
what is the population of arizona ?	_answer ( A , ( _population ( B , A ) , _const ( B , _stateid ( arizona ) ) ) )
which state borders florida ?	_answer ( A , ( _state ( A ) , _next_to ( A , B ) , _const ( B , _stateid ( florida ) ) ) )
what state has the city flint ?	_answer ( A , ( _state ( A ) , _loc ( B , A ) , _city ( B ) , _const ( B , _cityid ( flint , _ ) ) ) )
what is the biggest city in wyoming ?	_answer ( A , _largest ( A , ( _city ( A ) , _loc ( A , B ) , _const ( B , _stateid ( wyoming ) ) ) ) )
what is the combined area of all 50 states ?	_answer ( A , _sum ( B , ( _area ( C , B ) , _state ( C ) ) , A ) )
what states border michigan ?	_answer ( A , ( _state ( A ) , _next_to ( A , B ) , _const ( B , _stateid ( michigan ) ) ) )
how many states have a higher point than the highest point of the state with the largest capital city in the us ?	_answer ( A , _count ( B , ( _state ( B ) , _loc ( C , B ) , _higher ( C , D ) , _place ( C ) , _highest ( D , ( _place ( D ) , _loc ( D , E ) , _state ( E ) , _loc ( F , E ) , _largest ( F , ( _capital ( F ) , _city ( F ) , _loc ( F , G ) , _const ( G , _countryid ( usa ) ) ) ) ) ) ) , A ) )
what is the capital of hawaii ?	_answer ( A , ( _capital ( A ) , _loc ( A , B ) , _const ( B , _stateid ( hawaii ) ) ) )
what states does the mississippi river run through ?	_answer ( A , ( _state ( A ) , _const ( B , _riverid ( mississippi ) ) , _river ( B ) , _traverse ( B , A ) ) )
what rivers are in utah ?	_answer ( A , ( _river ( A ) , _loc ( A , B ) , _const ( B , _stateid ( utah ) ) ) )
which states does the chattahoochee river run through ?	_answer ( A , ( _state ( A ) , _const ( B , _riverid ( chattahoochee ) ) , _river ( B ) , _traverse ( B , A ) ) )
how tall is mount mckinley ?	_answer ( A , ( _elevation ( B , A ) , _const ( B , _placeid ( ' mount mckinley ' ) ) ) )
where is dallas ?	_answer ( A , ( _loc ( B , A ) , _const ( B , _cityid ( dallas , _ ) ) ) )
what states does the colorado river run through ?	_answer ( A , ( _state ( A ) , _const ( B , _riverid ( colorado ) ) , _river ( B ) , _traverse ( B , A ) ) )
what state borders the state with the smallest population ?	_answer ( A , ( _state ( A ) , _next_to ( A , B ) , _smallest ( C , ( _state ( B ) , _population ( B , C ) ) ) ) )
what is the largest city of kansas ?	_answer ( A , _largest ( A , ( _city ( A ) , _loc ( A , B ) , _const ( B , _stateid ( kansas ) ) ) ) )
iowa borders how many states ?	_answer ( A , _count ( B , ( _const ( C , _stateid ( iowa ) ) , _next_to ( C , B ) , _state ( B ) ) , A ) )
what states border arkansas ?	_answer ( A , ( _state ( A ) , _next_to ( A , B ) , _const ( B , _stateid ( arkansas ) ) ) )
which state has the highest elevation ?	_answer ( A , _highest ( B , ( _state ( A ) , _loc ( B , A ) , _place ( B ) ) ) )
what are the major cities of the us ?	_answer ( A , ( _major ( A ) , _city ( A ) , _loc ( A , B ) , _const ( B , _countryid ( usa ) ) ) )
which rivers run through the state with the lowest elevation in the usa ?	_answer ( A , ( _river ( A ) , _traverse ( A , B ) , _state ( B ) , _loc ( C , B ) , _lowest ( C , ( _place ( C ) , _loc ( C , D ) , _const ( D , _countryid ( usa ) ) ) ) ) )
how many rivers in washington ?	_answer ( A , _count ( B , ( _river ( B ) , _loc ( B , C ) , _const ( C , _stateid ( washington ) ) ) , A ) )
how many rivers are in new york ?	_answer ( A , _count ( B , ( _river ( B ) , _loc ( B , C ) , _const ( C , _stateid ( ' new york ' ) ) ) , A ) )
which state has the largest city ?	_answer ( A , _largest ( B , ( _state ( A ) , _loc ( B , A ) , _city ( B ) ) ) )
what states high point are higher than that of colorado ?	_answer ( A , ( _state ( A ) , _high_point ( A , B ) , _higher ( B , C ) , _high_point ( D , C ) , _const ( D , _stateid ( colorado ) ) ) )
what are the major cities in the state of california ?	_answer ( A , ( _major ( A ) , _city ( A ) , _loc ( A , B ) , _state ( B ) , _const ( B , _stateid ( california ) ) ) )
how many rivers are in the state with the highest point ?	_answer ( A , _count ( B , ( _river ( B ) , _loc ( B , C ) , _state ( C ) , _loc ( D , C ) , _highest ( D , _place ( D ) ) ) , A ) )
how many citizens in alabama ?	_answer ( A , ( _population ( B , A ) , _const ( B , _stateid ( alabama ) ) ) )
what is the highest point of the usa ?	_answer ( A , _highest ( A , ( _place ( A ) , _loc ( A , B ) , _const ( B , _countryid ( usa ) ) ) ) )
which us city has the highest population density ?	_answer ( A , _largest ( B , ( _city ( A ) , _density ( A , B ) ) ) )
what state has the city with the most population ?	_answer ( A , ( _state ( A ) , _loc ( B , A ) , _largest ( C , ( _city ( B ) , _population ( B , C ) ) ) ) )
how many residents live in texas ?	_answer ( A , ( _population ( B , A ) , _const ( B , _stateid ( texas ) ) ) )
which state has the smallest area that borders texas ?	_answer ( A , _smallest ( B , ( _state ( A ) , _area ( A , B ) , _next_to ( A , C ) , _const ( C , _stateid ( texas ) ) ) ) )
name the rivers in arkansas ?	_answer ( A , ( _river ( A ) , _loc ( A , B ) , _const ( B , _stateid ( arkansas ) ) ) )
what is the population of atlanta ?	_answer ( A , ( _population ( B , A ) , _const ( B , _cityid ( atlanta , _ ) ) ) )
what is the population of the smallest state ?	_answer ( A , _smallest ( B , ( _population ( B , A ) , _state ( B ) ) ) )
how many rivers are called colorado ?	_answer ( A , _count ( B , ( _river ( B ) , _const ( B , _riverid ( colorado ) ) ) , A ) )
how many cities are there in usa ?	_answer ( A , _count ( B , ( _city ( B ) , _loc ( B , C ) , _const ( C , _countryid ( usa ) ) ) , A ) )
what is the capital of georgia ?	_answer ( A , ( _capital ( A ) , _loc ( A , B ) , _const ( B , _stateid ( georgia ) ) ) )
what is the population of alaska ?	_answer ( A , ( _population ( B , A ) , _const ( B , _stateid ( alaska ) ) ) )
how many people live in washington ?	_answer ( A , ( _population ( B , A ) , _const ( B , _stateid ( washington ) ) ) )
what state borders the most states ?	_answer ( A , _most ( A , B , ( _state ( A ) , _next_to ( A , B ) , _state ( B ) ) ) )
what are the populations of the states through which the mississippi run ?	_answer ( A , ( _population ( B , A ) , _state ( B ) , _const ( C , _riverid ( mississippi ) ) , _traverse ( C , B ) ) )
what state has the least population density ?	_answer ( A , _smallest ( B , ( _state ( A ) , _density ( A , B ) ) ) )
what state borders the least states ?	_answer ( A , _fewest ( A , B , ( _state ( A ) , _next_to ( A , B ) , _state ( B ) ) ) )
what states border new jersey ?	_answer ( A , ( _state ( A ) , _next_to ( A , B ) , _const ( B , _stateid ( ' new jersey ' ) ) ) )
what are the major cities of texas ?	_answer ( A , ( _major ( A ) , _city ( A ) , _loc ( A , B ) , _const ( B , _stateid ( texas ) ) ) )
what is the number of neighboring states for kentucky ?	_answer ( A , _count ( B , ( _state ( B ) , _next_to ( B , C ) , _const ( C , _stateid ( kentucky ) ) ) , A ) )
how many rivers are in the state with the largest population ?	_answer ( A , _count ( B , ( _river ( B ) , _loc ( B , C ) , _largest ( D , ( _state ( C ) , _population ( C , D ) ) ) ) , A ) )
how many states do not have rivers ?	_answer ( A , _count ( B , ( _state ( B ) , \+ ( _loc ( C , B ) , _river ( C ) ) ) , A ) )
how big is new mexico ?	_answer ( A , ( _size ( B , A ) , _const ( B , _stateid ( ' new mexico ' ) ) ) )
what state has the largest area ?	_answer ( A , _largest ( B , ( _state ( A ) , _area ( A , B ) ) ) )
what is the capital of illinois ?	_answer ( A , ( _capital ( A ) , _loc ( A , B ) , _const ( B , _stateid ( illinois ) ) ) )
how many people live in detroit ?	_answer ( A , ( _population ( B , A ) , _const ( B , _cityid ( detroit , _ ) ) ) )
what states border new hampshire ?	_answer ( A , ( _state ( A ) , _next_to ( A , B ) , _const ( B , _stateid ( ' new hampshire ' ) ) ) )
what is the major cities in montana ?	_answer ( A , ( _major ( A ) , _city ( A ) , _loc ( A , B ) , _const ( B , _stateid ( montana ) ) ) )
what is the population of washington dc ?	_answer ( A , ( _population ( B , A ) , _const ( B , _cityid ( washington , dc ) ) ) )
through which states does the mississippi flow ?	_answer ( A , ( _state ( A ) , _const ( B , _riverid ( mississippi ) ) , _traverse ( B , A ) ) )
what state has the most rivers running through it ?	_answer ( A , _most ( A , B , ( _state ( A ) , _loc ( B , A ) , _river ( B ) , _traverse ( B , A ) ) ) )
how many people live in mississippi ?	_answer ( A , ( _population ( B , A ) , _const ( B , _stateid ( mississippi ) ) ) )
what is the shortest river in the united states ?	_answer ( A , _shortest ( A , ( _river ( A ) , _loc ( A , B ) , _const ( B , _countryid ( usa ) ) ) ) )
what is the smallest state that borders the most states ?	_answer ( A , _smallest ( A , _most ( A , B , ( _state ( A ) , _next_to ( A , B ) , _state ( B ) ) ) ) )
what state which the mississippi runs through has the largest population ?	_answer ( A , _largest ( B , ( _state ( A ) , _const ( C , _riverid ( mississippi ) ) , _traverse ( C , A ) , _population ( A , B ) ) ) )
what state has the smallest urban population ?	_answer ( A , _smallest ( B , ( _state ( A ) , _population ( A , B ) ) ) )
what state has the most cities ?	_answer ( A , _most ( A , B , ( _state ( A ) , _loc ( B , A ) , _city ( B ) ) ) )
what is the biggest city in louisiana ?	_answer ( A , _largest ( A , ( _city ( A ) , _loc ( A , B ) , _const ( B , _stateid ( louisiana ) ) ) ) )
what states border the mississippi river ?	_answer ( A , ( _state ( A ) , _next_to ( A , B ) , _const ( B , _riverid ( mississippi ) ) , _river ( B ) ) )
what is the total area of the usa ?	_answer ( A , ( _area ( B , A ) , _const ( B , _countryid ( usa ) ) ) )
how many cities does texas have ?	_answer ( A , _count ( B , ( _city ( B ) , _const ( C , _stateid ( texas ) ) , _loc ( B , C ) ) , A ) )
what are the largest cities in the states that border the largest state ?	_answer ( A , _largest ( A , ( _city ( A ) , _loc ( A , B ) , _state ( B ) , _next_to ( B , C ) , _largest ( C , _state ( C ) ) ) ) )
what states border states that the mississsippi runs through ?	_answer ( A , ( _state ( A ) , _next_to ( A , B ) , _state ( B ) , _const ( C , _riverid ( mississippi ) ) , _traverse ( C , B ) ) )
what is the longest river that flows through a state that borders indiana ?	_answer ( A , _longest ( A , ( _river ( A ) , _traverse ( A , B ) , _state ( B ) , _next_to ( B , C ) , _const ( C , _stateid ( indiana ) ) ) ) )
what is the area of alaska ?	_answer ( A , ( _area ( B , A ) , _const ( B , _stateid ( alaska ) ) ) )
which state is the largest city in montana in ?	_answer ( A , ( _state ( A ) , _largest ( B , ( _city ( B ) , _loc ( B , C ) , _const ( C , _stateid ( montana ) ) ) ) , _loc ( B , A ) ) )
what is the state with the highest elevation in the united states ?	_answer ( A , ( _state ( A ) , _loc ( B , A ) , _highest ( B , ( _place ( B ) , _loc ( B , C ) , _const ( C , _countryid ( usa ) ) ) ) ) )
what is the biggest city in nebraska ?	_answer ( A , _largest ( A , ( _city ( A ) , _loc ( A , B ) , _const ( B , _stateid ( nebraska ) ) ) ) )
what is the largest city in the smallest state in the usa ?	_answer ( A , _largest ( A , ( _city ( A ) , _loc ( A , B ) , _smallest ( B , ( _state ( B ) , _loc ( B , C ) , _const ( C , _countryid ( usa ) ) ) ) ) ) )
how many people live in spokane washington ?	_answer ( A , ( _population ( B , A ) , _const ( B , _cityid ( spokane , wa ) ) ) )
where is the highest mountain of the united states ?	_answer ( A , _highest ( A , ( _mountain ( A ) , _loc ( A , B ) , _const ( B , _countryid ( usa ) ) ) ) )
what is the smallest state through which the longest river runs ?	_answer ( A , _smallest ( A , ( _state ( A ) , _longest ( B , _river ( B ) ) , _traverse ( B , A ) ) ) )
what is the capital of maryland ?	_answer ( A , ( _capital ( A ) , _loc ( A , B ) , _const ( B , _stateid ( maryland ) ) ) )
number of states bordering iowa ?	_answer ( A , _count ( B , ( _state ( B ) , _next_to ( B , C ) , _const ( C , _stateid ( iowa ) ) ) , A ) )
what is the total population of the states that border texas ?	_answer ( A , _sum ( B , ( _population ( C , B ) , _state ( C ) , _next_to ( D , C ) , _const ( D , _stateid ( texas ) ) ) , A ) )
how many cities are in louisiana ?	_answer ( A , _count ( B , ( _city ( B ) , _loc ( B , C ) , _const ( C , _stateid ( louisiana ) ) ) , A ) )
what is the largest state capital in population ?	_answer ( A , _largest ( B , ( _state ( C ) , _capital ( C , A ) , _population ( A , B ) ) ) )
what rivers flow through the state with the largest population ?	_answer ( A , ( _river ( A ) , _traverse ( A , B ) , _largest ( C , ( _state ( B ) , _population ( B , C ) ) ) ) )
what is the lowest point in usa ?	_answer ( A , _lowest ( A , ( _place ( A ) , _loc ( A , B ) , _const ( B , _countryid ( usa ) ) ) ) )
which state has the red river ?	_answer ( A , ( _state ( A ) , _loc ( B , A ) , _const ( B , _riverid ( red ) ) , _river ( B ) ) )
what state has the smallest population density ?	_answer ( A , _smallest ( B , ( _state ( A ) , _density ( A , B ) ) ) )
how many rivers are in missouri ?	_answer ( A , _count ( B , ( _river ( B ) , _loc ( B , C ) , _const ( C , _stateid ( missouri ) ) ) , A ) )
where is springfield ?	_answer ( A , ( _loc ( B , A ) , _const ( B , _cityid ( springfield , _ ) ) ) )
what state has the capital salem ?	_answer ( A , ( _state ( A ) , _loc ( B , A ) , _capital ( B ) , _const ( B , _cityid ( salem , _ ) ) ) )
how many capitals does rhode island have ?	_answer ( A , _count ( B , ( _capital ( B ) , _const ( C , _stateid ( ' rhode island ' ) ) , _loc ( B , C ) ) , A ) )
what rivers flow through states that alabama borders ?	_answer ( A , ( _river ( A ) , _traverse ( A , B ) , _state ( B ) , _const ( C , _stateid ( alabama ) ) , _next_to ( C , B ) ) )
which states does the missouri river pass through ?	_answer ( A , ( _state ( A ) , _const ( B , _riverid ( missouri ) ) , _traverse ( B , A ) ) )
what is the smallest city of the smallest state in the us ?	_answer ( A , _smallest ( A , ( _city ( A ) , _loc ( A , B ) , _smallest ( B , ( _state ( B ) , _loc ( B , C ) , _const ( C , _countryid ( usa ) ) ) ) ) ) )
how many states border the state that borders the most states ?	_answer ( A , _count ( B , ( _state ( B ) , _next_to ( B , C ) , _most ( C , D , ( _state ( C ) , _next_to ( C , D ) , _state ( D ) ) ) ) , A ) )
how many people live in the united states ?	_answer ( A , ( _population ( B , A ) , _const ( B , _countryid ( usa ) ) ) )
how many rivers are there in texas ?	_answer ( A , _count ( B , ( _river ( B ) , _loc ( B , C ) , _const ( C , _stateid ( texas ) ) ) , A ) )
what is the least populous state ?	_answer ( A , _smallest ( B , ( _population ( A , B ) , _state ( A ) ) ) )
what is the capital city of the largest state in the us ?	_answer ( A , ( _capital ( A ) , _city ( A ) , _loc ( A , B ) , _largest ( B , ( _state ( B ) , _loc ( B , C ) , _const ( C , _countryid ( usa ) ) ) ) ) )
where is austin ?	_answer ( A , ( _loc ( B , A ) , _const ( B , _cityid ( austin , _ ) ) ) )
what is the smallest state that the mississippi river runs through ?	_answer ( A , _smallest ( A , ( _state ( A ) , _const ( B , _riverid ( mississippi ) ) , _river ( B ) , _traverse ( B , A ) ) ) )
what is the state with the largest density in usa ?	_answer ( A , _largest ( B , ( _state ( A ) , _density ( A , B ) , _loc ( A , C ) , _const ( C , _countryid ( usa ) ) ) ) )
what states have cities named austin ?	_answer ( A , ( _state ( A ) , _loc ( B , A ) , _city ( B ) , _const ( B , _cityid ( austin , _ ) ) ) )
what cities in texas have the highest populations ?	_answer ( A , _largest ( B , ( _city ( A ) , _loc ( A , C ) , _const ( C , _stateid ( texas ) ) , _population ( A , B ) ) ) )
name the major rivers in florida ?	_answer ( A , ( _major ( A ) , _river ( A ) , _loc ( A , B ) , _const ( B , _stateid ( florida ) ) ) )
what states border hawaii ?	_answer ( A , ( _state ( A ) , _next_to ( A , B ) , _const ( B , _stateid ( hawaii ) ) ) )
how many people live in san francisco ?	_answer ( A , ( _population ( B , A ) , _const ( B , _cityid ( ' san francisco ' , _ ) ) ) )
what state that borders texas is the largest ?	_answer ( A , _largest ( A , ( _state ( A ) , _next_to ( A , B ) , _const ( B , _stateid ( texas ) ) ) ) )
what states border states that the ohio runs through ?	_answer ( A , ( _state ( A ) , _next_to ( A , B ) , _state ( B ) , _const ( C , _riverid ( ohio ) ) , _traverse ( C , B ) ) )
what is the population density of the largest state ?	_answer ( A , ( _density ( B , A ) , _largest ( B , _state ( B ) ) ) )
what is the tallest mountain in america ?	_answer ( A , _highest ( A , ( _mountain ( A ) , _loc ( A , B ) , _const ( B , _countryid ( usa ) ) ) ) )
what is the largest city in missouri ?	_answer ( A , _largest ( A , ( _city ( A ) , _loc ( A , B ) , _const ( B , _stateid ( missouri ) ) ) ) )
what are the rivers of montana ?	_answer ( A , ( _river ( A ) , _loc ( A , B ) , _const ( B , _stateid ( montana ) ) ) )
what is the area of florida ?	_answer ( A , ( _area ( B , A ) , _const ( B , _stateid ( florida ) ) ) )
what is the average population of the us by state ?	_answer ( A , ( _density ( B , A ) , _const ( B , _countryid ( usa ) ) ) )
what are the major cities in vermont ?	_answer ( A , ( _major ( A ) , _city ( A ) , _loc ( A , B ) , _const ( B , _stateid ( vermont ) ) ) )
how many big cities are in pennsylvania ?	_answer ( A , _count ( B , ( _major ( B ) , _city ( B ) , _loc ( B , C ) , _const ( C , _stateid ( pennsylvania ) ) ) , A ) )
what is the most populous city ?	_answer ( A , _largest ( B , ( _population ( A , B ) , _city ( A ) ) ) )
what is the elevation of death valley ?	_answer ( A , ( _elevation ( B , A ) , _const ( B , _placeid ( ' death valley ' ) ) ) )
name the longest river in us ?	_answer ( A , _longest ( A , ( _river ( A ) , _loc ( A , B ) , _const ( B , _countryid ( usa ) ) ) ) )
what city in the united states has the highest population density ?	_answer ( A , _largest ( B , ( _city ( A ) , _loc ( A , C ) , _const ( C , _countryid ( usa ) ) , _density ( A , B ) ) ) )
what is the population of california ?	_answer ( A , ( _population ( B , A ) , _const ( B , _stateid ( california ) ) ) )
what state borders new york ?	_answer ( A , ( _state ( A ) , _next_to ( A , B ) , _const ( B , _stateid ( ' new york ' ) ) ) )
give me the cities in virginia ?	_answer ( A , ( _city ( A ) , _loc ( A , B ) , _const ( B , _stateid ( virginia ) ) ) )
what state is the state with the most rivers ?	_answer ( A , ( _state ( A ) , _most ( A , B , ( _state ( A ) , _loc ( B , A ) , _river ( B ) ) ) ) )
what is the capital of texas ?	_answer ( A , ( _capital ( A ) , _loc ( A , B ) , _const ( B , _stateid ( texas ) ) ) )
what is the biggest capital city in the us ?	_answer ( A , _largest ( A , ( _capital ( A ) , _loc ( A , B ) , _const ( B , _countryid ( usa ) ) ) ) )
which state has the biggest population ?	_answer ( A , _largest ( B , ( _state ( A ) , _population ( A , B ) ) ) )
what state has the largest urban population ?	_answer ( A , _largest ( B , ( _state ( A ) , _population ( A , B ) ) ) )
how many people stay in utah ?	_answer ( A , ( _population ( B , A ) , _const ( B , _stateid ( utah ) ) ) )
what states have rivers running through them ?	_answer ( A , ( _state ( A ) , _loc ( B , A ) , _river ( B ) , _traverse ( B , A ) ) )
what is the population of hawaii ?	_answer ( A , ( _population ( B , A ) , _const ( B , _stateid ( hawaii ) ) ) )
how long is the mississippi ?	_answer ( A , ( _len ( B , A ) , _const ( B , _riverid ( mississippi ) ) ) )
what states border the most populous state ?	_answer ( A , ( _state ( A ) , _next_to ( A , B ) , _largest ( C , ( _population ( B , C ) , _state ( B ) ) ) ) )
what is the size of florida ?	_answer ( A , ( _size ( B , A ) , _const ( B , _stateid ( florida ) ) ) )
what is the biggest city in kansas ?	_answer ( A , _largest ( A , ( _city ( A ) , _loc ( A , B ) , _const ( B , _stateid ( kansas ) ) ) ) )
what state has the largest population ?	_answer ( A , _largest ( B , ( _state ( A ) , _population ( A , B ) ) ) )
what is the population of south dakota ?	_answer ( A , ( _population ( B , A ) , _const ( B , _stateid ( ' south dakota ' ) ) ) )
what is the population of montana ?	_answer ( A , ( _population ( B , A ) , _const ( B , _stateid ( montana ) ) ) )
what is the longest river that runs through a state that borders tennessee ?	_answer ( A , _longest ( A , ( _river ( A ) , _traverse ( A , B ) , _state ( B ) , _next_to ( B , C ) , _const ( C , _stateid ( tennessee ) ) ) ) )
what states have rivers named colorado ?	_answer ( A , ( _state ( A ) , _loc ( B , A ) , _const ( B , _riverid ( colorado ) ) ) )
which states have points higher than the highest point in colorado ?	_answer ( A , ( _state ( A ) , _loc ( B , A ) , _place ( B ) , _higher ( B , C ) , _highest ( C , ( _place ( C ) , _loc ( C , D ) , _const ( D , _stateid ( colorado ) ) ) ) ) )
what is the population of tempe arizona ?	_answer ( A , ( _population ( B , A ) , _const ( B , _cityid ( tempe , az ) ) ) )
what is the area of the state with the capital albany ?	_answer ( A , ( _area ( B , A ) , _state ( B ) , _loc ( C , B ) , _capital ( C ) , _const ( C , _cityid ( albany , _ ) ) ) )
what state has no rivers ?	_answer ( A , ( _state ( A ) , \+ ( _loc ( B , A ) , _river ( B ) ) ) )
what state borders michigan ?	_answer ( A , ( _state ( A ) , _next_to ( A , B ) , _const ( B , _stateid ( michigan ) ) ) )
what is the smallest city in hawaii ?	_answer ( A , _smallest ( A , ( _city ( A ) , _loc ( A , B ) , _const ( B , _stateid ( hawaii ) ) ) ) )
what is the smallest state bordering wyoming ?	_answer ( A , _smallest ( A , ( _state ( A ) , _next_to ( A , B ) , _const ( B , _stateid ( wyoming ) ) ) ) )
how many people live in riverside ?	_answer ( A , ( _population ( B , A ) , _const ( B , _cityid ( riverside , _ ) ) ) )
what is the longest river in texas ?	_answer ( A , _longest ( A , ( _river ( A ) , _loc ( A , B ) , _const ( B , _stateid ( texas ) ) ) ) )
what is the lowest point in california ?	_answer ( A , _lowest ( A , ( _place ( A ) , _loc ( A , B ) , _const ( B , _stateid ( california ) ) ) ) )
how many states does the missouri river run through ?	_answer ( A , _count ( B , ( _state ( B ) , _const ( C , _riverid ( missouri ) ) , _river ( C ) , _traverse ( C , B ) ) , A ) )
how long is the rio grande river ?	_answer ( A , ( _len ( B , A ) , _const ( B , _riverid ( ' rio grande ' ) ) , _river ( B ) ) )
what rivers flow though colorado ?	_answer ( A , ( _river ( A ) , _traverse ( A , B ) , _const ( B , _stateid ( colorado ) ) ) )
what is the biggest state ?	_answer ( A , _largest ( A , _state ( A ) ) )
of the states washed by the mississippi river which has the lowest point ?	_answer ( A , _lowest ( B , ( _state ( A ) , _traverse ( C , A ) , _const ( C , _riverid ( mississippi ) ) , _loc ( B , A ) , _place ( B ) ) ) )
what are the major cities in alabama ?	_answer ( A , ( _major ( A ) , _city ( A ) , _loc ( A , B ) , _const ( B , _stateid ( alabama ) ) ) )
what are the rivers in the state of indiana ?	_answer ( A , ( _river ( A ) , _loc ( A , B ) , _state ( B ) , _const ( B , _stateid ( indiana ) ) ) )
what states border states that border colorado ?	_answer ( A , ( _state ( A ) , _next_to ( A , B ) , _state ( B ) , _next_to ( B , C ) , _const ( C , _stateid ( colorado ) ) ) )
what state has the highest population ?	_answer ( A , _largest ( B , ( _state ( A ) , _population ( A , B ) ) ) )
what is the length of the longest river in the usa ?	_answer ( A , ( _len ( B , A ) , _longest ( B , ( _river ( B ) , _loc ( B , C ) , _const ( C , _countryid ( usa ) ) ) ) ) )
how many states have cites named austin ?	_answer ( A , _count ( B , ( _state ( B ) , _loc ( C , B ) , _city ( C ) , _const ( C , _cityid ( austin , _ ) ) ) , A ) )
how many states does iowa border ?	_answer ( A , _count ( B , ( _state ( B ) , _const ( C , _stateid ( iowa ) ) , _next_to ( C , B ) ) , A ) )
what is the highest point of the state with the smallest population density ?	_answer ( A , _highest ( A , ( _place ( A ) , _loc ( A , B ) , _smallest ( C , ( _state ( B ) , _density ( B , C ) ) ) ) ) )
where is the lowest point in maryland ?	_answer ( A , _lowest ( A , ( _place ( A ) , _loc ( A , B ) , _const ( B , _stateid ( maryland ) ) ) ) )
what is the population of the largest state that borders texas ?	_answer ( A , ( _population ( B , A ) , _largest ( B , ( _state ( B ) , _next_to ( B , C ) , _const ( C , _stateid ( texas ) ) ) ) ) )
what is the area of the state with the smallest population density ?	_answer ( A , ( _area ( B , A ) , _smallest ( C , ( _state ( B ) , _density ( B , C ) ) ) ) )
what is the shortest river in alaska ?	_answer ( A , _shortest ( A , ( _river ( A ) , _loc ( A , B ) , _const ( B , _stateid ( alaska ) ) ) ) )
what states border rhode island ?	_answer ( A , ( _state ( A ) , _next_to ( A , B ) , _const ( B , _stateid ( ' rhode island ' ) ) ) )
what states border the state with the smallest area ?	_answer ( A , ( _state ( A ) , _next_to ( A , B ) , _smallest ( C , ( _state ( B ) , _area ( B , C ) ) ) ) )
how many states border iowa ?	_answer ( A , _count ( B , ( _state ( B ) , _next_to ( B , C ) , _const ( C , _stateid ( iowa ) ) ) , A ) )
give me the lakes in california ?	_answer ( A , ( _lake ( A ) , _loc ( A , B ) , _const ( B , _stateid ( california ) ) ) )
what is the population of sacramento ?	_answer ( A , ( _population ( B , A ) , _const ( B , _cityid ( sacramento , _ ) ) ) )
what is the longest river in the states that border nebraska ?	_answer ( A , _longest ( A , ( _river ( A ) , _loc ( A , B ) , _state ( B ) , _next_to ( B , C ) , _const ( C , _stateid ( nebraska ) ) ) ) )
give me the largest state ?	_answer ( A , _largest ( A , _state ( A ) ) )
which state borders hawaii ?	_answer ( A , ( _state ( A ) , _next_to ( A , B ) , _const ( B , _stateid ( hawaii ) ) ) )
what is the capital of the largest state ?	_answer ( A , ( _capital ( A ) , _loc ( A , B ) , _largest ( B , _state ( B ) ) ) )
what is the highest point in the state with the most rivers ?	_answer ( A , _highest ( A , ( _place ( A ) , _loc ( A , B ) , _most ( B , C , ( _state ( B ) , _traverse ( C , B ) , _river ( C ) ) ) ) ) )
what are the major lakes in united states ?	_answer ( A , ( _major ( A ) , _lake ( A ) , _loc ( A , B ) , _const ( B , _countryid ( usa ) ) ) )
what is the largest state that borders the state with the lowest point in the usa ?	_answer ( A , _largest ( A , ( _state ( A ) , _next_to ( A , B ) , _state ( B ) , _loc ( C , B ) , _lowest ( C , ( _place ( C ) , _loc ( C , D ) , _const ( D , _countryid ( usa ) ) ) ) ) ) )
which state has the lowest elevation ?	_answer ( A , ( _state ( A ) , _loc ( B , A ) , _lowest ( B , _place ( B ) ) ) )
how many people live in houston ?	_answer ( A , ( _population ( B , A ) , _const ( B , _cityid ( houston , _ ) ) ) )
how many states have a city named springfield ?	_answer ( A , _count ( B , ( _state ( B ) , _loc ( C , B ) , _const ( C , _cityid ( springfield , _ ) ) ) , A ) )
which states border texas ?	_answer ( A , ( _state ( A ) , _next_to ( A , B ) , _const ( B , _stateid ( texas ) ) ) )
what states border states that border states that border states that border texas ?	_answer ( A , ( _state ( A ) , _next_to ( A , B ) , _state ( B ) , _next_to ( B , C ) , _state ( C ) , _next_to ( C , D ) , _state ( D ) , _next_to ( D , E ) , _const ( E , _stateid ( texas ) ) ) )
what is the largest city in wisconsin ?	_answer ( A , _largest ( A , ( _city ( A ) , _loc ( A , B ) , _const ( B , _stateid ( wisconsin ) ) ) ) )
where is the chattahoochee river ?	_answer ( A , ( _loc ( B , A ) , _const ( B , _riverid ( chattahoochee ) ) , _river ( B ) ) )
what is the highest point in the state with the capital des moines ?	_answer ( A , _highest ( A , ( _place ( A ) , _loc ( A , B ) , _state ( B ) , _loc ( C , B ) , _capital ( C ) , _const ( C , _cityid ( ' des moines ' , _ ) ) ) ) )
how many states does the colorado river run through ?	_answer ( A , _count ( B , ( _state ( B ) , _const ( C , _riverid ( colorado ) ) , _river ( C ) , _traverse ( C , B ) ) , A ) )
how many people live in new mexico ?	_answer ( A , ( _population ( B , A ) , _const ( B , _stateid ( ' new mexico ' ) ) ) )
which state has the most people ?	_answer ( A , _largest ( B , ( _state ( A ) , _population ( A , B ) ) ) )
through which states does the longest river in texas run ?	_answer ( A , ( _longest ( B , ( _river ( B ) , _loc ( B , C ) , _const ( C , _stateid ( texas ) ) ) ) , _traverse ( B , A ) ) )
what is the state with the smallest area ?	_answer ( A , _smallest ( B , ( _state ( A ) , _area ( A , B ) ) ) )
how many people live in the capital of texas ?	_answer ( A , ( _population ( B , A ) , _capital ( B ) , _loc ( B , C ) , _const ( C , _stateid ( texas ) ) ) )
what is the size of the capital of texas ?	_answer ( A , ( _size ( B , A ) , _capital ( B ) , _loc ( B , C ) , _const ( C , _stateid ( texas ) ) ) )
what is the largest city in rhode island ?	_answer ( A , _largest ( A , ( _city ( A ) , _loc ( A , B ) , _const ( B , _stateid ( ' rhode island ' ) ) ) ) )
how many states are there ?	_answer ( A , _count ( B , _state ( B ) , A ) )
where is baton rouge ?	_answer ( A , ( _loc ( B , A ) , _const ( B , _cityid ( ' baton rouge ' , _ ) ) ) )
what is the population of erie pennsylvania ?	_answer ( A , ( _population ( B , A ) , _const ( B , _cityid ( erie , pa ) ) ) )
what is the population of new york ?	_answer ( A , ( _population ( B , A ) , _const ( B , _stateid ( ' new york ' ) ) ) )
what is the population density of the state with the smallest population ?	_answer ( A , ( _density ( B , A ) , _smallest ( C , ( _state ( B ) , _population ( B , C ) ) ) ) )
what is the population of the largest city in the state with the largest area ?	_answer ( A , ( _population ( B , A ) , _largest ( B , ( _city ( B ) , _loc ( B , C ) , _largest ( D , ( _state ( C ) , _area ( C , D ) ) ) ) ) ) )
what river flows through the most states ?	_answer ( A , _most ( A , B , ( _river ( A ) , _traverse ( A , B ) , _state ( B ) ) ) )
what is the shortest river in iowa ?	_answer ( A , _shortest ( A , ( _river ( A ) , _loc ( A , B ) , _const ( B , _stateid ( iowa ) ) ) ) )
what state is austin the capital of ?	_answer ( A , ( _state ( A ) , _const ( B , _cityid ( austin , _ ) ) , _capital ( B ) , _loc ( B , A ) ) )
what is the population of denver ?	_answer ( A , ( _population ( B , A ) , _const ( B , _cityid ( denver , _ ) ) ) )
which state has the longest river ?	_answer ( A , _longest ( B , ( _state ( A ) , _loc ( B , A ) , _river ( B ) ) ) )
what is the population density of wyoming ?	_answer ( A , ( _density ( B , A ) , _const ( B , _stateid ( wyoming ) ) ) )
what are the highest points of states surrounding mississippi ?	_answer ( A , ( _highest ( A , ( _place ( A ) , _loc ( A , B ) , _state ( B ) ) ) , _next_to ( B , C ) , _const ( C , _stateid ( mississippi ) ) ) )
what is the highest point in the states bordering colorado ?	_answer ( A , _highest ( A , ( _place ( A ) , _loc ( A , B ) , _state ( B ) , _next_to ( B , C ) , _const ( C , _stateid ( colorado ) ) ) ) )
what is capital of iowa ?	_answer ( A , ( _capital ( A ) , _loc ( A , B ) , _const ( B , _stateid ( iowa ) ) ) )
which states does the longest river cross ?	_answer ( A , ( _state ( A ) , _longest ( B , _river ( B ) ) , _traverse ( B , A ) ) )
what state is the biggest ?	_answer ( A , _largest ( A , _state ( A ) ) )
what is the largest state in the us ?	_answer ( A , _largest ( A , ( _state ( A ) , _loc ( A , B ) , _const ( B , _countryid ( usa ) ) ) ) )
how many major cities are in states bordering nebraska ?	_answer ( A , _count ( B , ( _major ( B ) , _city ( B ) , _loc ( B , C ) , _state ( C ) , _next_to ( C , D ) , _const ( D , _stateid ( nebraska ) ) ) , A ) )
what is the capital of the state that borders the state that borders texas ?	_answer ( A , ( _capital ( A ) , _loc ( A , B ) , _state ( B ) , _next_to ( B , C ) , _state ( C ) , _next_to ( C , D ) , _const ( D , _stateid ( texas ) ) ) )
what is the largest state that borders california ?	_answer ( A , _largest ( A , ( _state ( A ) , _next_to ( A , B ) , _const ( B , _stateid ( california ) ) ) ) )
which state has the most rivers running through it ?	_answer ( A , _most ( A , B , ( _state ( A ) , _loc ( B , A ) , _river ( B ) , _traverse ( B , A ) ) ) )
what is the capital of iowa ?	_answer ( A , ( _capital ( A ) , _loc ( A , B ) , _const ( B , _stateid ( iowa ) ) ) )
how many major cities are there ?	_answer ( A , _count ( B , ( _major ( B ) , _city ( B ) ) , A ) )
what is the population of seattle washington ?	_answer ( A , ( _population ( B , A ) , _const ( B , _cityid ( seattle , wa ) ) ) )
what is the biggest city in the smallest state ?	_answer ( A , _largest ( A , ( _city ( A ) , _loc ( A , B ) , _smallest ( B , _state ( B ) ) ) ) )
what is the population of boulder ?	_answer ( A , ( _population ( B , A ) , _const ( B , _cityid ( boulder , _ ) ) ) )
what is the largest state bordering texas ?	_answer ( A , _largest ( A , ( _state ( A ) , _next_to ( A , B ) , _const ( B , _stateid ( texas ) ) ) ) )
how many people live in austin ?	_answer ( A , ( _population ( B , A ) , _const ( B , _cityid ( austin , _ ) ) ) )
what state that borders texas has the highest population ?	_answer ( A , _largest ( B , ( _state ( A ) , _next_to ( A , C ) , _const ( C , _stateid ( texas ) ) , _population ( A , B ) ) ) )
what is the population of the state with the largest area ?	_answer ( A , ( _population ( B , A ) , _largest ( C , ( _state ( B ) , _area ( B , C ) ) ) ) )
what is the smallest state bordering ohio ?	_answer ( A , _smallest ( A , ( _state ( A ) , _next_to ( A , B ) , _const ( B , _stateid ( ohio ) ) ) ) )
what states have cities named portland ?	_answer ( A , ( _state ( A ) , _loc ( B , A ) , _city ( B ) , _const ( B , _cityid ( portland , _ ) ) ) )
what is the most populous state in the us ?	_answer ( A , _largest ( B , ( _population ( A , B ) , _state ( A ) , _loc ( A , C ) , _const ( C , _countryid ( usa ) ) ) ) )
what are the capital city in texas ?	_answer ( A , ( _capital ( A ) , _city ( A ) , _loc ( A , B ) , _const ( B , _stateid ( texas ) ) ) )
what is the highest elevation in texas ?	_answer ( A , _highest ( A , ( _place ( A ) , _loc ( A , B ) , _const ( B , _stateid ( texas ) ) ) ) )
which is the lowest point of the states that the mississippi runs through ?	_answer ( A , _lowest ( B , ( _place ( B ) , _loc ( B , A ) , _state ( A ) , _const ( C , _riverid ( mississippi ) ) , _traverse ( C , A ) ) ) )
number of people in boulder ?	_answer ( A , ( _population ( B , A ) , _const ( B , _cityid ( boulder , _ ) ) ) )
what is the longest river that does not run through texas ?	_answer ( A , _longest ( A , ( _river ( A ) , \+ ( _traverse ( A , B ) , _const ( B , _stateid ( texas ) ) ) ) ) )
which state has the most rivers ?	_answer ( A , _most ( A , B , ( _state ( A ) , _loc ( B , A ) , _river ( B ) ) ) )
what is the highest point in each state whose lowest point is sea level ?	_answer ( A , ( _highest ( A , ( _place ( A ) , _loc ( A , B ) , _state ( B ) ) ) , _lowest ( C , ( _loc ( C , B ) , _place ( C ) ) ) , _elevation ( C , 0 ) ) )
what is the population of oregon ?	_answer ( A , ( _population ( B , A ) , _const ( B , _stateid ( oregon ) ) ) )
what are the cities in california ?	_answer ( A , ( _city ( A ) , _loc ( A , B ) , _const ( B , _stateid ( california ) ) ) )
what is the lowest point of all states through which the colorado river runs through ?	_answer ( A , _lowest ( A , ( _place ( A ) , _loc ( A , B ) , _state ( B ) , _const ( C , _riverid ( colorado ) ) , _river ( C ) , _traverse ( C , B ) ) ) )
how many citizens does the biggest city have in the usa ?	_answer ( A , ( _population ( B , A ) , _largest ( B , _city ( B ) ) ) )
how many states border texas ?	_answer ( A , _count ( B , ( _state ( B ) , _next_to ( B , C ) , _const ( C , _stateid ( texas ) ) ) , A ) )
which states border kentucky ?	_answer ( A , ( _state ( A ) , _next_to ( A , B ) , _const ( B , _stateid ( kentucky ) ) ) )
what states does the ohio river go through ?	_answer ( A , ( _state ( A ) , _const ( B , _riverid ( ohio ) ) , _river ( B ) , _traverse ( B , A ) ) )
what is the population of boston massachusetts ?	_answer ( A , ( _population ( B , A ) , _const ( B , _cityid ( boston , ma ) ) ) )
what is the area of maine ?	_answer ( A , ( _area ( B , A ) , _const ( B , _stateid ( maine ) ) ) )
what is the biggest city in texas ?	_answer ( A , _largest ( A , ( _city ( A ) , _loc ( A , B ) , _const ( B , _stateid ( texas ) ) ) ) )
what states have cities named rochester ?	_answer ( A , ( _state ( A ) , _loc ( B , A ) , _city ( B ) , _const ( B , _cityid ( rochester , _ ) ) ) )
how many states are in the usa ?	_answer ( A , _count ( B , ( _state ( B ) , _loc ( B , C ) , _const ( C , _countryid ( usa ) ) ) , A ) )
which state borders the most states ?	_answer ( A , _most ( A , B , ( _state ( A ) , _next_to ( A , B ) , _state ( B ) ) ) )
what states border states that border mississippi ?	_answer ( A , ( _state ( A ) , _next_to ( A , B ) , _state ( B ) , _next_to ( B , C ) , _const ( C , _stateid ( mississippi ) ) ) )
how many states border alaska ?	_answer ( A , _count ( B , ( _state ( B ) , _next_to ( B , C ) , _const ( C , _stateid ( alaska ) ) ) , A ) )
what are the populations of states through which the mississippi river runs ?	_answer ( A , ( _population ( B , A ) , _state ( B ) , _const ( C , _riverid ( mississippi ) ) , _river ( C ) , _traverse ( C , B ) ) )
what are the major cities in alaska ?	_answer ( A , ( _major ( A ) , _city ( A ) , _loc ( A , B ) , _const ( B , _stateid ( alaska ) ) ) )
which states border alaska ?	_answer ( A , ( _state ( A ) , _next_to ( A , B ) , _const ( B , _stateid ( alaska ) ) ) )
what is the lowest point in wisconsin ?	_answer ( A , _lowest ( A , ( _place ( A ) , _loc ( A , B ) , _const ( B , _stateid ( wisconsin ) ) ) ) )
what are the populations of the major cities of texas ?	_answer ( A , ( _population ( B , A ) , _major ( B ) , _city ( B ) , _loc ( B , C ) , _const ( C , _stateid ( texas ) ) ) )
which states does the mississippi river run through ?	_answer ( A , ( _state ( A ) , _const ( B , _riverid ( mississippi ) ) , _river ( B ) , _traverse ( B , A ) ) )
how many states border the state with the largest population ?	_answer ( A , _count ( B , ( _state ( B ) , _next_to ( B , C ) , _largest ( D , ( _state ( C ) , _population ( C , D ) ) ) ) , A ) )
what rivers are in nevada ?	_answer ( A , ( _river ( A ) , _loc ( A , B ) , _const ( B , _stateid ( nevada ) ) ) )
what is the capital of the state with the most inhabitants ?	_answer ( A , ( _capital ( A ) , _loc ( A , B ) , _largest ( C , ( _state ( B ) , _population ( B , C ) ) ) ) )
how many people live in the smallest state bordering wyoming ?	_answer ( A , ( _population ( B , A ) , _smallest ( B , ( _state ( B ) , _next_to ( B , C ) , _const ( C , _stateid ( wyoming ) ) ) ) ) )
which city in california has the largest population ?	_answer ( A , _largest ( B , ( _city ( A ) , _loc ( A , C ) , _const ( C , _stateid ( california ) ) , _population ( A , B ) ) ) )
which states border alabama ?	_answer ( A , ( _state ( A ) , _next_to ( A , B ) , _const ( B , _stateid ( alabama ) ) ) )
which rivers flow through alaska ?	_answer ( A , ( _river ( A ) , _traverse ( A , B ) , _const ( B , _stateid ( alaska ) ) ) )
what rivers traverses the state which borders the most states ?	_answer ( A , ( _river ( A ) , _traverse ( A , B ) , _most ( B , C , ( _state ( B ) , _next_to ( B , C ) , _state ( C ) ) ) ) )
what is the highest point in delaware ?	_answer ( A , _highest ( A , ( _place ( A ) , _loc ( A , B ) , _const ( B , _stateid ( delaware ) ) ) ) )
what is the lowest point in the united states ?	_answer ( A , _lowest ( A , ( _place ( A ) , _loc ( A , B ) , _const ( B , _countryid ( usa ) ) ) ) )
how many states border the largest state ?	_answer ( A , _count ( B , ( _state ( B ) , _next_to ( B , C ) , _largest ( C , _state ( C ) ) ) , A ) )
what texas city has the largest population ?	_answer ( A , _largest ( B , ( _const ( C , _stateid ( texas ) ) , _city ( A ) , _loc ( A , C ) , _population ( A , B ) ) ) )
what state has the largest capital ?	_answer ( A , ( _state ( A ) , _loc ( B , A ) , _largest ( B , _capital ( B ) ) ) )
how many states border at least one other state ?	_answer ( A , _count ( B , ( _state ( B ) , _next_to ( B , C ) , _state ( C ) ) , A ) )
what is the density of texas ?	_answer ( A , ( _density ( B , A ) , _const ( B , _stateid ( texas ) ) ) )
what is the state with the lowest population density ?	_answer ( A , _smallest ( B , ( _state ( A ) , _density ( A , B ) ) ) )
number of citizens in boulder ?	_answer ( A , ( _population ( B , A ) , _const ( B , _cityid ( boulder , _ ) ) ) )
what states in the united states have a city of springfield ?	_answer ( A , ( _state ( A ) , _loc ( A , B ) , _const ( B , _countryid ( usa ) ) , _loc ( C , A ) , _const ( C , _cityid ( springfield , _ ) ) ) )
how high is guadalupe peak ?	_answer ( A , ( _elevation ( B , A ) , _const ( B , _placeid ( ' guadalupe peak ' ) ) ) )
what is the highest point in colorado ?	_answer ( A , _highest ( A , ( _place ( A ) , _loc ( A , B ) , _const ( B , _stateid ( colorado ) ) ) ) )
count the states which have elevations lower than what alabama has ?	_answer ( A , _count ( B , ( _state ( B ) , _loc ( C , B ) , _low_point ( B , C ) , _lower ( C , D ) , _low_point ( E , D ) , _const ( E , _stateid ( alabama ) ) , _loc ( D , E ) ) , A ) )
how long is the missouri river ?	_answer ( A , ( _len ( B , A ) , _const ( B , _riverid ( missouri ) ) , _river ( B ) ) )
give me the number of rivers in california ?	_answer ( A , _count ( B , ( _river ( B ) , _loc ( B , C ) , _const ( C , _stateid ( california ) ) ) , A ) )
which states does the colorado river run through ?	_answer ( A , ( _state ( A ) , _const ( B , _riverid ( colorado ) ) , _traverse ( B , A ) ) )
how many people live in texas ?	_answer ( A , ( _population ( B , A ) , _const ( B , _stateid ( texas ) ) ) )
where is scotts valley ?	_answer ( A , ( _loc ( B , A ) , _const ( B , _cityid ( ' scotts valley ' , _ ) ) ) )
how many people live in hawaii ?	_answer ( A , ( _population ( B , A ) , _const ( B , _stateid ( hawaii ) ) ) )
how many people reside in utah ?	_answer ( A , ( _population ( B , A ) , _const ( B , _stateid ( utah ) ) ) )
what is the size of texas ?	_answer ( A , ( _size ( B , A ) , _const ( B , _stateid ( texas ) ) ) )
what is the capital of maine ?	_answer ( A , ( _capital ( A ) , _loc ( A , B ) , _const ( B , _stateid ( maine ) ) ) )
what is the biggest city in the us ?	_answer ( A , _largest ( A , ( _city ( A ) , _loc ( A , B ) , _const ( B , _countryid ( usa ) ) ) ) )
which states border states through which the mississippi traverses ?	_answer ( A , ( _state ( A ) , _next_to ( A , B ) , _state ( B ) , _const ( C , _riverid ( mississippi ) ) , _traverse ( C , B ) ) )
what states border kentucky ?	_answer ( A , ( _state ( A ) , _next_to ( A , B ) , _const ( B , _stateid ( kentucky ) ) ) )
what is the shortest river ?	_answer ( A , _shortest ( A , _river ( A ) ) )
what is the highest point in the state with the smallest population ?	_answer ( A , _highest ( A , ( _place ( A ) , _loc ( A , B ) , _smallest ( C , ( _state ( B ) , _population ( B , C ) ) ) ) ) )
what state contains the highest point of those the colorado river traverses ?	_answer ( A , ( _state ( A ) , _loc ( B , A ) , _highest ( B , ( _place ( B ) , _loc ( B , C ) , _state ( C ) , _const ( D , _riverid ( colorado ) ) , _river ( D ) , _traverse ( D , C ) ) ) ) )
what are the major cities in oklahoma ?	_answer ( A , ( _major ( A ) , _city ( A ) , _loc ( A , B ) , _const ( B , _stateid ( oklahoma ) ) ) )
what is the capital of the alabama state ?	_answer ( A , ( _capital ( A ) , _loc ( A , B ) , _const ( B , _stateid ( alabama ) ) , _state ( B ) ) )
which states border no other states ?	_answer ( A , ( _state ( A ) , \+ ( _next_to ( A , B ) , _state ( B ) ) ) )
how many people live in the state with the largest population density ?	_answer ( A , ( _population ( B , A ) , _largest ( C , ( _state ( B ) , _density ( B , C ) ) ) ) )
what is the highest point in wyoming ?	_answer ( A , _highest ( A , ( _place ( A ) , _loc ( A , B ) , _const ( B , _stateid ( wyoming ) ) ) ) )
how many rivers run through the states bordering colorado ?	_answer ( A , _count ( B , ( _river ( B ) , _traverse ( B , C ) , _state ( C ) , _next_to ( C , D ) , _const ( D , _stateid ( colorado ) ) ) , A ) )
what is the capital of the state with the highest point ?	_answer ( A , ( _capital ( A ) , _loc ( A , B ) , _highest ( C , ( _state ( B ) , _loc ( C , B ) , _place ( C ) ) ) ) )
what is the longest river in america ?	_answer ( A , _longest ( A , ( _river ( A ) , _loc ( A , B ) , _const ( B , _countryid ( usa ) ) ) ) )
what state has the largest population density ?	_answer ( A , _largest ( B , ( _state ( A ) , _density ( A , B ) ) ) )
how many rivers does alaska have ?	_answer ( A , _count ( B , ( _river ( B ) , _const ( C , _stateid ( alaska ) ) , _loc ( B , C ) ) , A ) )
how long is the longest river in the usa ?	_answer ( A , ( _len ( B , A ) , _longest ( B , ( _river ( B ) , _loc ( B , C ) , _const ( C , _countryid ( usa ) ) ) ) ) )
what is the longest river in the state with the most major cities ?	_answer ( A , _longest ( A , ( _river ( A ) , _loc ( A , B ) , _most ( B , C , ( _state ( B ) , _loc ( C , B ) , _major ( C ) , _city ( C ) ) ) ) ) )
what state has the most rivers ?	_answer ( A , _most ( A , B , ( _state ( A ) , _loc ( B , A ) , _river ( B ) ) ) )
what rivers run through west virginia ?	_answer ( A , ( _river ( A ) , _traverse ( A , B ) , _const ( B , _stateid ( ' west virginia ' ) ) ) )
give me the cities in usa ?	_answer ( A , ( _city ( A ) , _loc ( A , B ) , _const ( B , _countryid ( usa ) ) ) )
how many states are there in the usa ?	_answer ( A , _count ( B , ( _state ( B ) , _loc ( B , C ) , _const ( C , _countryid ( usa ) ) ) , A ) )
name the rivers in arkansas ?	_answer ( A , ( _river ( A ) , _loc ( A , B ) , _const ( B , _stateid ( arkansas ) ) ) )
what is the highest point in the usa ?	_answer ( A , _highest ( A , ( _place ( A ) , _loc ( A , B ) , _const ( B , _countryid ( usa ) ) ) ) )
what is the capital of the state with the largest population ?	_answer ( A , ( _capital ( A ) , _loc ( A , B ) , _largest ( C , ( _state ( B ) , _population ( B , C ) ) ) ) )
what is the population density of south dakota ?	_answer ( A , ( _density ( B , A ) , _const ( B , _stateid ( ' south dakota ' ) ) ) )
how many people are there in new york ?	_answer ( A , ( _population ( B , A ) , _const ( B , _stateid ( ' new york ' ) ) ) )
what is the smallest state in the usa ?	_answer ( A , _smallest ( A , ( _state ( A ) , _loc ( A , B ) , _const ( B , _countryid ( usa ) ) ) ) )
what is the capital of ohio ?	_answer ( A , ( _capital ( A ) , _loc ( A , B ) , _const ( B , _stateid ( ohio ) ) ) )
what is the highest point in montana ?	_answer ( A , _highest ( A , ( _place ( A ) , _loc ( A , B ) , _const ( B , _stateid ( montana ) ) ) ) )
what is the longest river in the united states ?	_answer ( A , _longest ( A , ( _river ( A ) , _loc ( A , B ) , _const ( B , _countryid ( usa ) ) ) ) )
what is the smallest city in washington ?	_answer ( A , _smallest ( A , ( _city ( A ) , _loc ( A , B ) , _const ( B , _stateid ( washington ) ) ) ) )
name all the rivers in colorado ?	_answer ( A , ( _river ( A ) , _loc ( A , B ) , _const ( B , _stateid ( colorado ) ) ) )
how many states are in the united states ?	_answer ( A , _count ( B , ( _state ( B ) , _loc ( B , C ) , _const ( C , _countryid ( usa ) ) ) , A ) )
which rivers run through states with fewest cities ?	_answer ( A , ( _river ( A ) , _traverse ( A , B ) , _fewest ( B , C , ( _state ( B ) , _loc ( C , B ) , _city ( C ) ) ) ) )
how many states are there in united states ?	_answer ( A , _count ( B , ( _state ( B ) , _loc ( B , C ) , _const ( C , _countryid ( usa ) ) ) , A ) )
what rivers flow through the largest state ?	_answer ( A , ( _river ( A ) , _traverse ( A , B ) , _largest ( B , _state ( B ) ) ) )
how high is the highest point of delaware ?	_answer ( A , ( _elevation ( B , A ) , _highest ( B , ( _place ( B ) , _loc ( B , C ) , _const ( C , _stateid ( delaware ) ) ) ) ) )
which state is the city denver located in ?	_answer ( A , ( _state ( A ) , _city ( B ) , _const ( B , _cityid ( denver , _ ) ) , _loc ( B , A ) ) )
what is the largest city in minnesota by population ?	_answer ( A , _largest ( B , ( _city ( A ) , _loc ( A , C ) , _const ( C , _stateid ( minnesota ) ) , _population ( A , B ) ) ) )
which states have a river ?	_answer ( A , ( _state ( A ) , _loc ( B , A ) , _river ( B ) ) )
what is the highest point in the smallest state ?	_answer ( A , _highest ( A , ( _place ( A ) , _loc ( A , B ) , _smallest ( B , _state ( B ) ) ) ) )
which states border the longest river in the usa ?	_answer ( A , ( _state ( A ) , _next_to ( A , B ) , _longest ( B , ( _river ( B ) , _loc ( B , C ) , _const ( C , _countryid ( usa ) ) ) ) ) )
list the states ?	_answer ( A , _state ( A ) )
what rivers run through new york ?	_answer ( A , ( _river ( A ) , _traverse ( A , B ) , _const ( B , _stateid ( ' new york ' ) ) ) )
what is the area of seattle ?	_answer ( A , ( _area ( B , A ) , _const ( B , _cityid ( seattle , _ ) ) ) )
what is the biggest city in georgia ?	_answer ( A , _largest ( A , ( _city ( A ) , _loc ( A , B ) , _const ( B , _stateid ( georgia ) ) ) ) )
how long is the delaware river ?	_answer ( A , ( _len ( B , A ) , _const ( B , _riverid ( delaware ) ) , _river ( B ) ) )
how many states have cities or towns named springfield ?	_answer ( A , _count ( B , ( _state ( B ) , _loc ( C , B ) , _city ( C ) , _const ( C , _cityid ( springfield , _ ) ) ) , A ) )
what is the population of dallas ?	_answer ( A , ( _population ( B , A ) , _const ( B , _cityid ( dallas , _ ) ) ) )
what is the high point of wyoming ?	_answer ( A , ( _high_point ( B , A ) , _loc ( A , B ) , _const ( B , _stateid ( wyoming ) ) ) )
which states border the missouri river ?	_answer ( A , ( _state ( A ) , _next_to ( A , B ) , _const ( B , _riverid ( missouri ) ) , _river ( B ) ) )
what is the length of the river that traverses the most states ?	_answer ( A , ( _len ( B , A ) , _most ( B , C , ( _river ( B ) , _traverse ( B , C ) , _state ( C ) ) ) ) )
how long is the north platte river ?	_answer ( A , ( _len ( B , A ) , _const ( B , _riverid ( ' north platte ' ) ) , _river ( B ) ) )
how many rivers are there in us ?	_answer ( A , _count ( B , ( _river ( B ) , _loc ( B , C ) , _const ( C , _countryid ( usa ) ) ) , A ) )
how tall is the highest point in montana ?	_answer ( A , ( _elevation ( B , A ) , _highest ( B , ( _place ( B ) , _loc ( B , C ) , _const ( C , _stateid ( montana ) ) ) ) ) )
what is the lowest point in texas ?	_answer ( A , _lowest ( A , ( _place ( A ) , _loc ( A , B ) , _const ( B , _stateid ( texas ) ) ) ) )
what is the lowest point of colorado ?	_answer ( A , _lowest ( A , ( _place ( A ) , _loc ( A , B ) , _const ( B , _stateid ( colorado ) ) ) ) )
what is the density of the new york ?	_answer ( A , ( _density ( B , A ) , _const ( B , _stateid ( ' new york ' ) ) ) )
what is the largest state ?	_answer ( A , _largest ( A , _state ( A ) ) )
which states border south dakota ?	_answer ( A , ( _state ( A ) , _next_to ( A , B ) , _const ( B , _stateid ( ' south dakota ' ) ) ) )
how many people live in minneapolis minnesota ?	_answer ( A , ( _population ( B , A ) , _const ( B , _cityid ( minneapolis , mn ) ) ) )
what state has highest elevation ?	_answer ( A , ( _state ( A ) , _loc ( B , A ) , _highest ( B , _place ( B ) ) ) )
what city has the most people ?	_answer ( A , _largest ( B , ( _city ( A ) , _population ( A , B ) ) ) )
what is the highest point in texas ?	_answer ( A , _highest ( A , ( _place ( A ) , _loc ( A , B ) , _const ( B , _stateid ( texas ) ) ) ) )
which states border michigan ?	_answer ( A , ( _state ( A ) , _next_to ( A , B ) , _const ( B , _stateid ( michigan ) ) ) )
what are major rivers in texas ?	_answer ( A , ( _major ( A ) , _river ( A ) , _loc ( A , B ) , _const ( B , _stateid ( texas ) ) ) )
what is the lowest elevation in pennsylvania ?	_answer ( A , _lowest ( A , ( _place ( A ) , _loc ( A , B ) , _const ( B , _stateid ( pennsylvania ) ) ) ) )
where is indianapolis ?	_answer ( A , ( _loc ( B , A ) , _const ( B , _cityid ( indianapolis , _ ) ) ) )
what is the lowest point in the state of texas ?	_answer ( A , _lowest ( A , ( _place ( A ) , _loc ( A , B ) , _state ( B ) , _const ( B , _stateid ( texas ) ) ) ) )
which state has the lowest point that borders idaho ?	_answer ( A , ( _state ( A ) , _loc ( B , A ) , _lowest ( B , _place ( B ) ) , _next_to ( A , C ) , _const ( C , _stateid ( idaho ) ) ) )
which states border iowa ?	_answer ( A , ( _state ( A ) , _next_to ( A , B ) , _const ( B , _stateid ( iowa ) ) ) )
what is the biggest state in continental us ?	_answer ( A , _largest ( A , ( _state ( A ) , _loc ( A , B ) , _const ( B , _countryid ( usa ) ) ) ) )
which states border illinois ?	_answer ( A , ( _state ( A ) , _next_to ( A , B ) , _const ( B , _stateid ( illinois ) ) ) )
which state has the highest peak in the country ?	_answer ( A , _highest ( B , ( _state ( A ) , _loc ( B , A ) , _mountain ( B ) ) ) )
what is the state with the lowest point ?	_answer ( A , ( _state ( A ) , _loc ( B , A ) , _lowest ( B , _place ( B ) ) ) )
what rivers are in texas ?	_answer ( A , ( _river ( A ) , _loc ( A , B ) , _const ( B , _stateid ( texas ) ) ) )
which river runs through most states ?	_answer ( A , _most ( A , B , ( _river ( A ) , _traverse ( A , B ) , _state ( B ) ) ) )
what is the capital of the state that borders the most states ?	_answer ( A , ( _capital ( A ) , _loc ( A , B ) , _most ( B , C , ( _state ( B ) , _next_to ( B , C ) , _state ( C ) ) ) ) )
what is the area of texas ?	_answer ( A , ( _area ( B , A ) , _const ( B , _stateid ( texas ) ) ) )
which state has the most major rivers ?	_answer ( A , _most ( A , B , ( _state ( A ) , _loc ( B , A ) , _major ( B ) , _river ( B ) ) ) )
what is the smallest city in the largest state ?	_answer ( A , _smallest ( A , ( _city ( A ) , _loc ( A , B ) , _largest ( B , _state ( B ) ) ) ) )
where is mount whitney located ?	_answer ( A , ( _loc ( B , A ) , _const ( B , _placeid ( ' mount whitney ' ) ) ) )
what is the highest point in the state with capital des moines ?	_answer ( A , _highest ( A , ( _place ( A ) , _loc ( A , B ) , _state ( B ) , _loc ( C , B ) , _capital ( C ) , _const ( C , _cityid ( ' des moines ' , _ ) ) ) ) )
how many cities are there in the us ?	_answer ( A , _count ( B , ( _city ( B ) , _loc ( B , C ) , _const ( C , _countryid ( usa ) ) ) , A ) )
which capitals are not major cities ?	_answer ( A , ( _capital ( A ) , \+ ( _major ( A ) , _city ( A ) ) ) )
what cities in texas have the highest number of citizens ?	_answer ( A , _largest ( B , ( _city ( A ) , _loc ( A , C ) , _const ( C , _stateid ( texas ) ) , _population ( A , B ) ) ) )
what is the population of the capital of the largest state through which the mississippi runs ?	_answer ( A , ( _population ( B , A ) , _capital ( B ) , _loc ( B , C ) , _largest ( C , ( _state ( C ) , _const ( D , _riverid ( mississippi ) ) , _traverse ( D , C ) ) ) ) )
how many cities are there in the united states ?	_answer ( A , _count ( B , ( _city ( B ) , _loc ( B , C ) , _const ( C , _countryid ( usa ) ) ) , A ) )
what rivers do not run through tennessee ?	_answer ( A , ( _river ( A ) , \+ ( _traverse ( A , B ) , _const ( B , _stateid ( tennessee ) ) ) ) )
what is the longest river in florida ?	_answer ( A , _longest ( A , ( _river ( A ) , _loc ( A , B ) , _const ( B , _stateid ( florida ) ) ) ) )
which state has the most major rivers running through it ?	_answer ( A , _most ( A , B , ( _state ( A ) , _loc ( B , A ) , _major ( B ) , _river ( B ) , _traverse ( B , A ) ) ) )
what cities in california ?	_answer ( A , ( _city ( A ) , _loc ( A , B ) , _const ( B , _stateid ( california ) ) ) )
what is the highest point in states bordering georgia ?	_answer ( A , _highest ( A , ( _place ( A ) , _loc ( A , B ) , _state ( B ) , _next_to ( B , C ) , _const ( C , _stateid ( georgia ) ) ) ) )
what are the major cities in california ?	_answer ( A , ( _major ( A ) , _city ( A ) , _loc ( A , B ) , _const ( B , _stateid ( california ) ) ) )
what is the capital of the state texas ?	_answer ( A , ( _capital ( A ) , _loc ( A , B ) , _state ( B ) , _const ( B , _stateid ( texas ) ) ) )
what states border montana ?	_answer ( A , ( _state ( A ) , _next_to ( A , B ) , _const ( B , _stateid ( montana ) ) ) )
which state borders most states ?	_answer ( A , _most ( A , B , ( _state ( A ) , _next_to ( A , B ) , _state ( B ) ) ) )
what are the population of mississippi ?	_answer ( A , ( _population ( B , A ) , _const ( B , _stateid ( mississippi ) ) ) )
how long is the ohio river ?	_answer ( A , ( _len ( B , A ) , _const ( B , _riverid ( ohio ) ) , _river ( B ) ) )
which state has the highest population density ?	_answer ( A , _largest ( B , ( _state ( A ) , _density ( A , B ) ) ) )
what state is miami in ?	_answer ( A , ( _state ( A ) , _const ( B , _cityid ( miami , _ ) ) , _loc ( B , A ) ) )
give me the longest river that passes through the us ?	_answer ( A , _longest ( A , ( _river ( A ) , _traverse ( A , B ) , _const ( B , _countryid ( usa ) ) ) ) )
how many major cities are in florida ?	_answer ( A , _count ( B , ( _major ( B ) , _city ( B ) , _loc ( B , C ) , _const ( C , _stateid ( florida ) ) ) , A ) )
what are the lakes in states bordering texas ?	_answer ( A , ( _lake ( A ) , _loc ( A , B ) , _state ( B ) , _next_to ( B , C ) , _const ( C , _stateid ( texas ) ) ) )
how big is texas ?	_answer ( A , ( _size ( B , A ) , _const ( B , _stateid ( texas ) ) ) )
what river flows through texas ?	_answer ( A , ( _river ( A ) , _traverse ( A , B ) , _const ( B , _stateid ( texas ) ) ) )
what is the adjacent state of california ?	_answer ( A , ( _next_to ( A , B ) , _state ( A ) , _const ( B , _stateid ( california ) ) ) )
people in boulder ?	_answer ( A , ( _population ( B , A ) , _const ( B , _cityid ( boulder , _ ) ) ) )
what is the population density of texas ?	_answer ( A , ( _density ( B , A ) , _const ( B , _stateid ( texas ) ) ) )
how many major cities are in states bordering utah ?	_answer ( A , _count ( B , ( _major ( B ) , _city ( B ) , _loc ( B , C ) , _state ( C ) , _next_to ( C , D ) , _const ( D , _stateid ( utah ) ) ) , A ) )
what is the biggest city in oregon ?	_answer ( A , _largest ( A , ( _city ( A ) , _loc ( A , B ) , _const ( B , _stateid ( oregon ) ) ) ) )
what is the population density of the state with the smallest area ?	_answer ( A , ( _density ( B , A ) , _smallest ( C , ( _state ( B ) , _area ( B , C ) ) ) ) )
what rivers are there in texas ?	_answer ( A , ( _river ( A ) , _loc ( A , B ) , _const ( B , _stateid ( texas ) ) ) )
what are the major cities in texas ?	_answer ( A , ( _major ( A ) , _city ( A ) , _loc ( A , B ) , _const ( B , _stateid ( texas ) ) ) )
show me all the major lakes in the us ?	_answer ( A , ( _major ( A ) , _lake ( A ) , _loc ( A , B ) , _const ( B , _countryid ( usa ) ) ) )
what states surround kentucky ?	_answer ( A , ( _state ( A ) , _next_to ( A , B ) , _const ( B , _stateid ( kentucky ) ) ) )
what river runs through illinois ?	_answer ( A , ( _river ( A ) , _traverse ( A , B ) , _const ( B , _stateid ( illinois ) ) ) )
what is the highest point in rhode island ?	_answer ( A , _highest ( A , ( _place ( A ) , _loc ( A , B ) , _const ( B , _stateid ( ' rhode island ' ) ) ) ) )
what is the population of the major cities in wisconsin ?	_answer ( A , ( _population ( B , A ) , _major ( B ) , _city ( B ) , _loc ( B , C ) , _const ( C , _stateid ( wisconsin ) ) ) )
how many cities named austin are there in the usa ?	_answer ( A , _count ( B , ( _city ( B ) , _const ( B , _cityid ( austin , _ ) ) , _loc ( B , C ) , _const ( C , _countryid ( usa ) ) ) , A ) )
what is the average population per square km in the us ?	_answer ( A , ( _density ( B , A ) , _const ( B , _countryid ( usa ) ) ) )
what states does the shortest river run through ?	_answer ( A , ( _state ( A ) , _shortest ( B , _river ( B ) ) , _traverse ( B , A ) ) )
where is the lowest spot in iowa ?	_answer ( A , _lowest ( A , ( _place ( A ) , _loc ( A , B ) , _const ( B , _stateid ( iowa ) ) ) ) )
show major cities in colorado ?	_answer ( A , ( _major ( A ) , _city ( A ) , _loc ( A , B ) , _const ( B , _stateid ( colorado ) ) ) )
how many states border on the state whose capital is boston ?	_answer ( A , _count ( B , ( _state ( B ) , _next_to ( B , C ) , _state ( C ) , _loc ( D , C ) , _capital ( D ) , _const ( D , _cityid ( boston , _ ) ) ) , A ) )
what is the longest river in california ?	_answer ( A , _longest ( A , ( _river ( A ) , _loc ( A , B ) , _const ( B , _stateid ( california ) ) ) ) )
what is the largest city in a state that borders texas ?	_answer ( A , _largest ( A , ( _city ( A ) , _loc ( A , B ) , _state ( B ) , _next_to ( B , C ) , _const ( C , _stateid ( texas ) ) ) ) )
what state is boston in ?	_answer ( A , ( _state ( A ) , _const ( B , _cityid ( boston , _ ) ) , _loc ( B , A ) ) )
how many rivers are there in idaho ?	_answer ( A , _count ( B , ( _river ( B ) , _loc ( B , C ) , _const ( C , _stateid ( idaho ) ) ) , A ) )
what are the neighboring states for michigan ?	_answer ( A , ( _next_to ( A , B ) , _state ( A ) , _const ( B , _stateid ( michigan ) ) ) )
which states border new york ?	_answer ( A , ( _state ( A ) , _next_to ( A , B ) , _const ( B , _stateid ( ' new york ' ) ) ) )
which state is kalamazoo in ?	_answer ( A , ( _state ( A ) , _const ( B , _cityid ( kalamazoo , _ ) ) , _loc ( B , A ) ) )
what is the biggest river in illinois ?	_answer ( A , _largest ( A , ( _river ( A ) , _loc ( A , B ) , _const ( B , _stateid ( illinois ) ) ) ) )
what is the size of california ?	_answer ( A , ( _size ( B , A ) , _const ( B , _stateid ( california ) ) ) )
what is the largest city in michigan ?	_answer ( A , _largest ( A , ( _city ( A ) , _loc ( A , B ) , _const ( B , _stateid ( michigan ) ) ) ) )
what is the area of idaho ?	_answer ( A , ( _area ( B , A ) , _const ( B , _stateid ( idaho ) ) ) )
population of boulder ?	_answer ( A , ( _population ( B , A ) , _const ( B , _cityid ( boulder , _ ) ) ) )
what is the highest point in nevada in meters ?	_answer ( A , _highest ( A , ( _place ( A ) , _loc ( A , B ) , _const ( B , _stateid ( nevada ) ) ) ) )
what are the major cities in wyoming ?	_answer ( A , ( _major ( A ) , _city ( A ) , _loc ( A , B ) , _const ( B , _stateid ( wyoming ) ) ) )
what is the highest point of the state with the largest area ?	_answer ( A , _highest ( A , ( _place ( A ) , _loc ( A , B ) , _largest ( C , ( _state ( B ) , _area ( B , C ) ) ) ) ) )
what is the area of the smallest state ?	_answer ( A , ( _area ( B , A ) , _smallest ( B , _state ( B ) ) ) )
what are the states that the potomac run through ?	_answer ( A , ( _state ( A ) , _const ( B , _riverid ( potomac ) ) , _traverse ( B , A ) ) )
how many people live in the capital of georgia ?	_answer ( A , ( _population ( B , A ) , _capital ( B ) , _loc ( B , C ) , _const ( C , _stateid ( georgia ) ) ) )
which of the states bordering pennsylvania has the largest population ?	_answer ( A , _largest ( B , ( _state ( A ) , _next_to ( A , C ) , _const ( C , _stateid ( pennsylvania ) ) , _population ( A , B ) ) ) )
what is the highest elevation in new mexico ?	_answer ( A , _highest ( A , ( _place ( A ) , _loc ( A , B ) , _const ( B , _stateid ( ' new mexico ' ) ) ) ) )
what is the population of san antonio ?	_answer ( A , ( _population ( B , A ) , _const ( B , _cityid ( ' san antonio ' , _ ) ) ) )
what is the highest mountain in us ?	_answer ( A , _highest ( A , ( _mountain ( A ) , _loc ( A , B ) , _const ( B , _countryid ( usa ) ) ) ) )
what is the highest point in the us ?	_answer ( A , _highest ( A , ( _place ( A ) , _loc ( A , B ) , _const ( B , _countryid ( usa ) ) ) ) )
what is the capital of pennsylvania ?	_answer ( A , ( _capital ( A ) , _loc ( A , B ) , _const ( B , _stateid ( pennsylvania ) ) ) )
which states have a major city named austin ?	_answer ( A , ( _state ( A ) , _loc ( B , A ) , _major ( B ) , _city ( B ) , _const ( B , _cityid ( austin , _ ) ) ) )
what is the population of utah ?	_answer ( A , ( _population ( B , A ) , _const ( B , _stateid ( utah ) ) ) )
what is the longest river in new york ?	_answer ( A , _longest ( A , ( _river ( A ) , _loc ( A , B ) , _const ( B , _stateid ( ' new york ' ) ) ) ) )
what are the populations of the states through which the mississippi river run ?	_answer ( A , ( _population ( B , A ) , _state ( B ) , _const ( C , _riverid ( mississippi ) ) , _river ( C ) , _traverse ( C , B ) ) )
what is the most populated capital in the usa ?	_answer ( A , _largest ( B , ( _population ( A , B ) , _capital ( A ) , _loc ( A , C ) , _const ( C , _countryid ( usa ) ) ) ) )
what is the capital of massachusetts ?	_answer ( A , ( _capital ( A ) , _loc ( A , B ) , _const ( B , _stateid ( massachusetts ) ) ) )
which rivers do not run through texas ?	_answer ( A , ( _river ( A ) , \+ ( _traverse ( A , B ) , _const ( B , _stateid ( texas ) ) ) ) )
how many people live in california ?	_answer ( A , ( _population ( B , A ) , _const ( B , _stateid ( california ) ) ) )
how much population does texas have ?	_answer ( A , ( _population ( B , A ) , _const ( B , _stateid ( texas ) ) ) )
what is the population of maine ?	_answer ( A , ( _population ( B , A ) , _const ( B , _stateid ( maine ) ) ) )
give me all the states of usa ?	_answer ( A , ( _state ( A ) , _loc ( A , B ) , _const ( B , _countryid ( usa ) ) ) )
which states does the mississippi run through ?	_answer ( A , ( _state ( A ) , _const ( B , _riverid ( mississippi ) ) , _traverse ( B , A ) ) )
what is the population of new mexico ?	_answer ( A , ( _population ( B , A ) , _const ( B , _stateid ( ' new mexico ' ) ) ) )
where is houston ?	_answer ( A , ( _loc ( B , A ) , _const ( B , _cityid ( houston , _ ) ) ) )
what states border georgia ?	_answer ( A , ( _state ( A ) , _next_to ( A , B ) , _const ( B , _stateid ( georgia ) ) ) )
how long is the mississippi river in miles ?	_answer ( A , ( _len ( B , A ) , _const ( B , _riverid ( mississippi ) ) , _river ( B ) ) )
how large is alaska ?	_answer ( A , ( _size ( B , A ) , _const ( B , _stateid ( alaska ) ) ) )
which state has the sparsest population density ?	_answer ( A , _smallest ( B , ( _state ( A ) , _density ( A , B ) ) ) )
which states have points that are higher than the highest point in texas ?	_answer ( A , ( _state ( A ) , _loc ( B , A ) , _higher ( B , C ) , _highest ( C , ( _place ( C ) , _loc ( C , D ) , _const ( D , _stateid ( texas ) ) ) ) ) )
what is the biggest american city in a state with a river ?	_answer ( A , _largest ( A , ( _city ( A ) , _loc ( A , B ) , _state ( B ) , _loc ( C , B ) , _river ( C ) ) ) )
what is the shortest river in nebraska ?	_answer ( A , _shortest ( A , ( _river ( A ) , _loc ( A , B ) , _const ( B , _stateid ( nebraska ) ) ) ) )
which states border hawaii ?	_answer ( A , ( _state ( A ) , _next_to ( A , B ) , _const ( B , _stateid ( hawaii ) ) ) )
what states are next to arizona ?	_answer ( A , ( _state ( A ) , _next_to ( A , B ) , _const ( B , _stateid ( arizona ) ) ) )
what state has the city with the largest population ?	_answer ( A , ( _state ( A ) , _loc ( B , A ) , _largest ( C , ( _city ( B ) , _population ( B , C ) ) ) ) )
how big is massachusetts ?	_answer ( A , ( _size ( B , A ) , _const ( B , _stateid ( massachusetts ) ) ) )
which state has the largest density ?	_answer ( A , _largest ( B , ( _state ( A ) , _density ( A , B ) ) ) )
what is the lowest point in nebraska in meters ?	_answer ( A , _lowest ( A , ( _place ( A ) , _loc ( A , B ) , _const ( B , _stateid ( nebraska ) ) ) ) )
what is the population in boston ?	_answer ( A , ( _population ( B , A ) , _const ( B , _cityid ( boston , _ ) ) ) )
what states border states that border states that border florida ?	_answer ( A , ( _state ( A ) , _next_to ( A , B ) , _state ( B ) , _next_to ( B , C ) , _state ( C ) , _next_to ( C , D ) , _const ( D , _stateid ( florida ) ) ) )
how many rivers are in iowa ?	_answer ( A , _count ( B , ( _river ( B ) , _loc ( B , C ) , _const ( C , _stateid ( iowa ) ) ) , A ) )
what is the capital of colorado ?	_answer ( A , ( _capital ( A ) , _loc ( A , B ) , _const ( B , _stateid ( colorado ) ) ) )
what state has the sparsest population density ?	_answer ( A , _smallest ( B , ( _state ( A ) , _density ( A , B ) ) ) )
what is the capital of washington ?	_answer ( A , ( _capital ( A ) , _loc ( A , B ) , _const ( B , _stateid ( washington ) ) ) )
which states capital city is the largest ?	_answer ( A , _largest ( B , ( _state ( A ) , _capital ( A , B ) , _city ( B ) ) ) )
what state has the highest elevation ?	_answer ( A , _highest ( B , ( _state ( A ) , _loc ( B , A ) , _place ( B ) ) ) )
in which state is rochester ?	_answer ( A , ( _loc ( B , A ) , _state ( A ) , _const ( B , _cityid ( rochester , _ ) ) ) )
what is the most populous city in texas ?	_answer ( A , _largest ( A , ( _population ( B , A ) , _city ( B ) , _loc ( B , C ) , _const ( C , _stateid ( texas ) ) ) ) )
which state has the lowest population density ?	_answer ( A , _smallest ( B , ( _state ( A ) , _density ( A , B ) ) ) )
what is the lowest point in mississippi ?	_answer ( A , _lowest ( A , ( _place ( A ) , _loc ( A , B ) , _const ( B , _stateid ( mississippi ) ) ) ) )
what is the height of the highest mountain in texas ?	_answer ( A , ( _elevation ( B , A ) , _highest ( B , ( _mountain ( B ) , _loc ( B , C ) , _const ( C , _stateid ( texas ) ) ) ) ) )
what are the major cities in kansas ?	_answer ( A , ( _major ( A ) , _city ( A ) , _loc ( A , B ) , _const ( B , _stateid ( kansas ) ) ) )
what is the population of the largest state ?	_answer ( A , ( _population ( B , A ) , _largest ( B , _state ( B ) ) ) )
what is the population of portland maine ?	_answer ( A , ( _population ( B , A ) , _const ( B , _cityid ( portland , me ) ) ) )
what is the smallest state by area ?	_answer ( A , _smallest ( B , ( _state ( A ) , _area ( A , B ) ) ) )
how many people live in chicago ?	_answer ( A , ( _population ( B , A ) , _const ( B , _cityid ( chicago , _ ) ) ) )
what is the area of the texas state ?	_answer ( A , ( _area ( B , A ) , _const ( B , _stateid ( texas ) ) ) )
what river traverses the state which borders the most states ?	_answer ( A , ( _river ( A ) , _traverse ( A , B ) , _most ( B , C , ( _state ( B ) , _next_to ( B , C ) , _state ( C ) ) ) ) )
what is the total length of all rivers in the usa ?	_answer ( A , _sum ( B , ( _len ( C , B ) , _river ( C ) ) , A ) )
how many people live in austin texas ?	_answer ( A , ( _population ( B , A ) , _const ( B , _cityid ( austin , tx ) ) ) )
how many rivers are in the state that has the most rivers ?	_answer ( A , _count ( B , ( _river ( B ) , _loc ( B , C ) , _most ( C , D , ( _state ( C ) , _loc ( D , C ) , _river ( D ) ) ) ) , A ) )
what is the population of houston ?	_answer ( A , ( _population ( B , A ) , _const ( B , _cityid ( houston , _ ) ) ) )
how high are the highest points of all the states ?	_answer ( A , ( _elevation ( B , A ) , _highest ( B , ( _place ( B ) , _loc ( B , C ) , _state ( C ) ) ) ) )
how many rivers are in colorado ?	_answer ( A , _count ( B , ( _river ( B ) , _loc ( B , C ) , _const ( C , _stateid ( colorado ) ) ) , A ) )
what are the major cities in missouri ?	_answer ( A , ( _major ( A ) , _city ( A ) , _loc ( A , B ) , _const ( B , _stateid ( missouri ) ) ) )
how many inhabitants does montgomery have ?	_answer ( A , ( _population ( B , A ) , _const ( B , _cityid ( montgomery , _ ) ) ) )
what states have a capital that is the highest point in the state ?	_answer ( A , ( _state ( A ) , _loc ( B , A ) , _capital ( B ) , _highest ( B , ( _place ( B ) , _loc ( B , A ) , _state ( A ) ) ) ) )
what are the populations of states which border texas ?	_answer ( A , ( _population ( B , A ) , _state ( B ) , _next_to ( B , C ) , _const ( C , _stateid ( texas ) ) ) )
where is mount whitney ?	_answer ( A , ( _loc ( B , A ) , _const ( B , _placeid ( ' mount whitney ' ) ) ) )
what is the highest point in the country ?	_answer ( A , _highest ( A , ( _place ( A ) , _loc ( A , B ) , _const ( B , _countryid ( usa ) ) ) ) )
where is the most populated area of new mexico ?	_answer ( A , _largest ( B , ( _population ( A , B ) , _city ( A ) , _loc ( A , C ) , _const ( C , _stateid ( ' new mexico ' ) ) ) ) )
how large is the largest city in alaska ?	_answer ( A , ( _size ( B , A ) , _largest ( B , ( _city ( B ) , _loc ( B , C ) , _const ( C , _stateid ( alaska ) ) ) ) ) )
what are all the rivers in texas ?	_answer ( A , ( _river ( A ) , _loc ( A , B ) , _const ( B , _stateid ( texas ) ) ) )
what are the names of the major cities in illinois ?	_answer ( A , ( _major ( A ) , _city ( A ) , _loc ( A , B ) , _const ( B , _stateid ( illinois ) ) ) )
which states border the state with the smallest area ?	_answer ( A , ( _state ( A ) , _next_to ( A , B ) , _smallest ( C , ( _state ( B ) , _area ( B , C ) ) ) ) )
what states does the missouri run through ?	_answer ( A , ( _state ( A ) , _const ( B , _riverid ( missouri ) ) , _traverse ( B , A ) ) )
what is the river that cross over ohio ?	_answer ( A , ( _river ( A ) , _traverse ( A , B ) , _const ( B , _stateid ( ohio ) ) ) )
what are the cities in states through which the mississippi runs ?	_answer ( A , ( _city ( A ) , _loc ( A , B ) , _state ( B ) , _traverse ( C , B ) , _const ( C , _riverid ( mississippi ) ) ) )
what state is the largest in population ?	_answer ( A , _largest ( B , ( _state ( A ) , _population ( A , B ) ) ) )
what is the highest point in new mexico ?	_answer ( A , _highest ( A , ( _place ( A ) , _loc ( A , B ) , _const ( B , _stateid ( ' new mexico ' ) ) ) ) )
what mountains are in alaska ?	_answer ( A , ( _mountain ( A ) , _loc ( A , B ) , _const ( B , _stateid ( alaska ) ) ) )
what is largest capital ?	_answer ( A , _largest ( A , _capital ( A ) ) )
what are the populations of the states through which the mississippi runs ?	_answer ( A , ( _population ( B , A ) , _state ( B ) , _const ( C , _riverid ( mississippi ) ) , _traverse ( C , B ) ) )
which rivers do not run through usa ?	_answer ( A , ( _river ( A ) , \+ ( _traverse ( A , B ) , _const ( B , _countryid ( usa ) ) ) ) )
what are the major cities in rhode island ?	_answer ( A , ( _major ( A ) , _city ( A ) , _loc ( A , B ) , _const ( B , _stateid ( ' rhode island ' ) ) ) )
can you tell me the capital of texas ?	_answer ( A , ( _capital ( A ) , _loc ( A , B ) , _const ( B , _stateid ( texas ) ) ) )
where is new hampshire ?	_answer ( A , ( _loc ( B , A ) , _const ( B , _stateid ( ' new hamsphire ' ) ) ) )
what is the largest state that borders texas ?	_answer ( A , _largest ( A , ( _state ( A ) , _next_to ( A , B ) , _const ( B , _stateid ( texas ) ) ) ) )
how long is the shortest river in the usa ?	_answer ( A , ( _len ( B , A ) , _shortest ( B , ( _river ( B ) , _loc ( B , C ) , _const ( C , _countryid ( usa ) ) ) ) ) )
how long is the colorado river ?	_answer ( A , ( _len ( B , A ) , _const ( B , _riverid ( colorado ) ) , _river ( B ) ) )
what is the highest elevation in south carolina ?	_answer ( A , _highest ( A , ( _place ( A ) , _loc ( A , B ) , _const ( B , _stateid ( ' south carolina ' ) ) ) ) )
which river runs through the most states ?	_answer ( A , _most ( A , B , ( _river ( A ) , _traverse ( A , B ) , _state ( B ) ) ) )
which states does not border texas ?	_answer ( A , ( _state ( A ) , \+ ( _next_to ( A , B ) , _const ( B , _stateid ( texas ) ) ) ) )
which state has the greatest density ?	_answer ( A , _largest ( B , ( _state ( A ) , _density ( A , B ) ) ) )
what is the population of seattle ?	_answer ( A , ( _population ( B , A ) , _const ( B , _cityid ( seattle , _ ) ) ) )
what is the population of idaho ?	_answer ( A , ( _population ( B , A ) , _const ( B , _stateid ( idaho ) ) ) )
what is the largest state in usa ?	_answer ( A , _largest ( A , ( _state ( A ) , _loc ( A , B ) , _const ( B , _countryid ( usa ) ) ) ) )
name all the rivers in colorado ?	_answer ( A , ( _river ( A ) , _loc ( A , B ) , _const ( B , _stateid ( colorado ) ) ) )
what states neighbor maine ?	_answer ( A , ( _state ( A ) , _next_to ( A , B ) , _const ( B , _stateid ( maine ) ) ) )
what states border states which the mississippi runs through ?	_answer ( A , ( _state ( A ) , _next_to ( A , B ) , _state ( B ) , _const ( C , _riverid ( mississippi ) ) , _traverse ( C , B ) ) )
where are mountains ?	_answer ( A , ( _loc ( B , A ) , _mountain ( B ) ) )
what are the biggest rivers in texas ?	_answer ( A , _longest ( A , ( _river ( A ) , _loc ( A , B ) , _const ( B , _stateid ( texas ) ) ) ) )
what is the smallest city in the usa ?	_answer ( A , _smallest ( A , ( _city ( A ) , _loc ( A , B ) , _const ( B , _countryid ( usa ) ) ) ) )
what is the population density in the state with capital austin ?	_answer ( A , ( _density ( B , A ) , _state ( B ) , _loc ( C , B ) , _capital ( C ) , _const ( C , _cityid ( austin , _ ) ) ) )
what is the area of all the states combined ?	_answer ( A , _sum ( B , ( _area ( C , B ) , _state ( C ) ) , A ) )
what states does the mississippi run through ?	_answer ( A , ( _state ( A ) , _const ( B , _riverid ( mississippi ) ) , _traverse ( B , A ) ) )
how many cities does the usa have ?	_answer ( A , _count ( B , ( _city ( B ) , _const ( C , _countryid ( usa ) ) , _loc ( B , C ) ) , A ) )
what are the populations of states through which the mississippi river run ?	_answer ( A , ( _population ( B , A ) , _state ( B ) , _const ( C , _riverid ( mississippi ) ) , _river ( C ) , _traverse ( C , B ) ) )
states bordering iowa ?	_answer ( A , ( _state ( A ) , _next_to ( A , B ) , _const ( B , _stateid ( iowa ) ) ) )
what are the major rivers in the us ?	_answer ( A , ( _major ( A ) , _river ( A ) , _loc ( A , B ) , _const ( B , _countryid ( usa ) ) ) )
which state has the smallest population density ?	_answer ( A , _smallest ( B , ( _state ( A ) , _density ( A , B ) ) ) )
which river traverses most states ?	_answer ( A , _most ( A , B , ( _river ( A ) , _traverse ( A , B ) , _state ( B ) ) ) )
how many people lived in austin ?	_answer ( A , ( _population ( B , A ) , _const ( B , _cityid ( austin , _ ) ) ) )
how high is the highest point in the largest state ?	_answer ( A , ( _elevation ( B , A ) , _highest ( B , ( _place ( B ) , _loc ( B , C ) , _largest ( C , _state ( C ) ) ) ) ) )
how many states border tennessee ?	_answer ( A , _count ( B , ( _state ( B ) , _next_to ( B , C ) , _const ( C , _stateid ( tennessee ) ) ) , A ) )
what is the area of ohio ?	_answer ( A , ( _area ( B , A ) , _const ( B , _stateid ( ohio ) ) ) )
